,index,id,created_at,language,account_id,extracted_content,tag_name,replies_count,favourites_count,reblogs_count,post_date
31,3,114070963560286266,2025-02-26 15:46:07+00:00,en,112202858501840236,"Poland is ready to host US troops if Germany doesn’t want them, president says – POLITICO https://www.byteseu.com/780529/ #AndrzejDuda #Defense #DonaldTrump #ElectionsInEurope #EuropeanDefense #EuropeanPolitics #FriedrichMerz #GermanElection2025 #GermanPolitics #Germany #NATO #Poland #PolishPolitics #U.S.ForeignPolicy #UnitedStates #War #WarInUkraine",AndrzejDuda,0,0,2,2025-02-26
32,3,114070963560286266,2025-02-26 15:46:07+00:00,en,112202858501840236,"Poland is ready to host US troops if Germany doesn’t want them, president says – POLITICO https://www.byteseu.com/780529/ #AndrzejDuda #Defense #DonaldTrump #ElectionsInEurope #EuropeanDefense #EuropeanPolitics #FriedrichMerz #GermanElection2025 #GermanPolitics #Germany #NATO #Poland #PolishPolitics #U.S.ForeignPolicy #UnitedStates #War #WarInUkraine",defense,0,0,2,2025-02-26
33,3,114070963560286266,2025-02-26 15:46:07+00:00,en,112202858501840236,"Poland is ready to host US troops if Germany doesn’t want them, president says – POLITICO https://www.byteseu.com/780529/ #AndrzejDuda #Defense #DonaldTrump #ElectionsInEurope #EuropeanDefense #EuropeanPolitics #FriedrichMerz #GermanElection2025 #GermanPolitics #Germany #NATO #Poland #PolishPolitics #U.S.ForeignPolicy #UnitedStates #War #WarInUkraine",donaldtrump,0,0,2,2025-02-26
34,3,114070963560286266,2025-02-26 15:46:07+00:00,en,112202858501840236,"Poland is ready to host US troops if Germany doesn’t want them, president says – POLITICO https://www.byteseu.com/780529/ #AndrzejDuda #Defense #DonaldTrump #ElectionsInEurope #EuropeanDefense #EuropeanPolitics #FriedrichMerz #GermanElection2025 #GermanPolitics #Germany #NATO #Poland #PolishPolitics #U.S.ForeignPolicy #UnitedStates #War #WarInUkraine",electionsineurope,0,0,2,2025-02-26
35,3,114070963560286266,2025-02-26 15:46:07+00:00,en,112202858501840236,"Poland is ready to host US troops if Germany doesn’t want them, president says – POLITICO https://www.byteseu.com/780529/ #AndrzejDuda #Defense #DonaldTrump #ElectionsInEurope #EuropeanDefense #EuropeanPolitics #FriedrichMerz #GermanElection2025 #GermanPolitics #Germany #NATO #Poland #PolishPolitics #U.S.ForeignPolicy #UnitedStates #War #WarInUkraine",europeandefense,0,0,2,2025-02-26
36,3,114070963560286266,2025-02-26 15:46:07+00:00,en,112202858501840236,"Poland is ready to host US troops if Germany doesn’t want them, president says – POLITICO https://www.byteseu.com/780529/ #AndrzejDuda #Defense #DonaldTrump #ElectionsInEurope #EuropeanDefense #EuropeanPolitics #FriedrichMerz #GermanElection2025 #GermanPolitics #Germany #NATO #Poland #PolishPolitics #U.S.ForeignPolicy #UnitedStates #War #WarInUkraine",europeanpolitics,0,0,2,2025-02-26
37,3,114070963560286266,2025-02-26 15:46:07+00:00,en,112202858501840236,"Poland is ready to host US troops if Germany doesn’t want them, president says – POLITICO https://www.byteseu.com/780529/ #AndrzejDuda #Defense #DonaldTrump #ElectionsInEurope #EuropeanDefense #EuropeanPolitics #FriedrichMerz #GermanElection2025 #GermanPolitics #Germany #NATO #Poland #PolishPolitics #U.S.ForeignPolicy #UnitedStates #War #WarInUkraine",friedrichmerz,0,0,2,2025-02-26
38,3,114070963560286266,2025-02-26 15:46:07+00:00,en,112202858501840236,"Poland is ready to host US troops if Germany doesn’t want them, president says – POLITICO https://www.byteseu.com/780529/ #AndrzejDuda #Defense #DonaldTrump #ElectionsInEurope #EuropeanDefense #EuropeanPolitics #FriedrichMerz #GermanElection2025 #GermanPolitics #Germany #NATO #Poland #PolishPolitics #U.S.ForeignPolicy #UnitedStates #War #WarInUkraine",germanelection2025,0,0,2,2025-02-26
39,3,114070963560286266,2025-02-26 15:46:07+00:00,en,112202858501840236,"Poland is ready to host US troops if Germany doesn’t want them, president says – POLITICO https://www.byteseu.com/780529/ #AndrzejDuda #Defense #DonaldTrump #ElectionsInEurope #EuropeanDefense #EuropeanPolitics #FriedrichMerz #GermanElection2025 #GermanPolitics #Germany #NATO #Poland #PolishPolitics #U.S.ForeignPolicy #UnitedStates #War #WarInUkraine",germanpolitics,0,0,2,2025-02-26
40,3,114070963560286266,2025-02-26 15:46:07+00:00,en,112202858501840236,"Poland is ready to host US troops if Germany doesn’t want them, president says – POLITICO https://www.byteseu.com/780529/ #AndrzejDuda #Defense #DonaldTrump #ElectionsInEurope #EuropeanDefense #EuropeanPolitics #FriedrichMerz #GermanElection2025 #GermanPolitics #Germany #NATO #Poland #PolishPolitics #U.S.ForeignPolicy #UnitedStates #War #WarInUkraine",germany,0,0,2,2025-02-26
41,3,114070963560286266,2025-02-26 15:46:07+00:00,en,112202858501840236,"Poland is ready to host US troops if Germany doesn’t want them, president says – POLITICO https://www.byteseu.com/780529/ #AndrzejDuda #Defense #DonaldTrump #ElectionsInEurope #EuropeanDefense #EuropeanPolitics #FriedrichMerz #GermanElection2025 #GermanPolitics #Germany #NATO #Poland #PolishPolitics #U.S.ForeignPolicy #UnitedStates #War #WarInUkraine",NATO,0,0,2,2025-02-26
42,3,114070963560286266,2025-02-26 15:46:07+00:00,en,112202858501840236,"Poland is ready to host US troops if Germany doesn’t want them, president says – POLITICO https://www.byteseu.com/780529/ #AndrzejDuda #Defense #DonaldTrump #ElectionsInEurope #EuropeanDefense #EuropeanPolitics #FriedrichMerz #GermanElection2025 #GermanPolitics #Germany #NATO #Poland #PolishPolitics #U.S.ForeignPolicy #UnitedStates #War #WarInUkraine",poland,0,0,2,2025-02-26
43,3,114070963560286266,2025-02-26 15:46:07+00:00,en,112202858501840236,"Poland is ready to host US troops if Germany doesn’t want them, president says – POLITICO https://www.byteseu.com/780529/ #AndrzejDuda #Defense #DonaldTrump #ElectionsInEurope #EuropeanDefense #EuropeanPolitics #FriedrichMerz #GermanElection2025 #GermanPolitics #Germany #NATO #Poland #PolishPolitics #U.S.ForeignPolicy #UnitedStates #War #WarInUkraine",polishpolitics,0,0,2,2025-02-26
44,3,114070963560286266,2025-02-26 15:46:07+00:00,en,112202858501840236,"Poland is ready to host US troops if Germany doesn’t want them, president says – POLITICO https://www.byteseu.com/780529/ #AndrzejDuda #Defense #DonaldTrump #ElectionsInEurope #EuropeanDefense #EuropeanPolitics #FriedrichMerz #GermanElection2025 #GermanPolitics #Germany #NATO #Poland #PolishPolitics #U.S.ForeignPolicy #UnitedStates #War #WarInUkraine",U,0,0,2,2025-02-26
45,3,114070963560286266,2025-02-26 15:46:07+00:00,en,112202858501840236,"Poland is ready to host US troops if Germany doesn’t want them, president says – POLITICO https://www.byteseu.com/780529/ #AndrzejDuda #Defense #DonaldTrump #ElectionsInEurope #EuropeanDefense #EuropeanPolitics #FriedrichMerz #GermanElection2025 #GermanPolitics #Germany #NATO #Poland #PolishPolitics #U.S.ForeignPolicy #UnitedStates #War #WarInUkraine",unitedstates,0,0,2,2025-02-26
46,3,114070963560286266,2025-02-26 15:46:07+00:00,en,112202858501840236,"Poland is ready to host US troops if Germany doesn’t want them, president says – POLITICO https://www.byteseu.com/780529/ #AndrzejDuda #Defense #DonaldTrump #ElectionsInEurope #EuropeanDefense #EuropeanPolitics #FriedrichMerz #GermanElection2025 #GermanPolitics #Germany #NATO #Poland #PolishPolitics #U.S.ForeignPolicy #UnitedStates #War #WarInUkraine",war,0,0,2,2025-02-26
47,3,114070963560286266,2025-02-26 15:46:07+00:00,en,112202858501840236,"Poland is ready to host US troops if Germany doesn’t want them, president says – POLITICO https://www.byteseu.com/780529/ #AndrzejDuda #Defense #DonaldTrump #ElectionsInEurope #EuropeanDefense #EuropeanPolitics #FriedrichMerz #GermanElection2025 #GermanPolitics #Germany #NATO #Poland #PolishPolitics #U.S.ForeignPolicy #UnitedStates #War #WarInUkraine",WARINUKRAINE,0,0,2,2025-02-26
48,4,114069858128660704,2025-02-26 11:05:03+00:00,en,109358482844206315,"A political rant [1/4]A big chunk of Russian immigrants voted for AfD because of their anti-immigration position.You don't see the irony here, do you, Tatyana? ""But I am a LEGAL migrant, not an illegal refuge on governmental support""Hate to break it to you, Tatyana, but the people who receive help from the government are here LEGALLY. They are registered, the government acknowledges them and gives them help. They are just as legal as you are. #Bundestagswahl2025 #germanelection2025",Bundestagswahl2025,1,0,16,2025-02-26
49,4,114069858128660704,2025-02-26 11:05:03+00:00,en,109358482844206315,"A political rant [1/4]A big chunk of Russian immigrants voted for AfD because of their anti-immigration position.You don't see the irony here, do you, Tatyana? ""But I am a LEGAL migrant, not an illegal refuge on governmental support""Hate to break it to you, Tatyana, but the people who receive help from the government are here LEGALLY. They are registered, the government acknowledges them and gives them help. They are just as legal as you are. #Bundestagswahl2025 #germanelection2025",germanelection2025,1,0,16,2025-02-26
76,8,114065239096048615,2025-02-25 15:30:22.733000+00:00,en,109303297035031718,German Election 2025: Why It’s A Wake-Up Call for Europe#Germany #GermanElection2025 #AfD #CDU #CSU #Merz #SPD #FriedrichMerz #Migration #Europe #EU #Trump #DraghiReport #Politics #CompetitivenessCompass #GermanElection #WakeUpCall https://the-14.com/german-election-2025-why-its-a-wake-up-call-for-europe/,germany,0,0,0,2025-02-25
77,8,114065239096048615,2025-02-25 15:30:22.733000+00:00,en,109303297035031718,German Election 2025: Why It’s A Wake-Up Call for Europe#Germany #GermanElection2025 #AfD #CDU #CSU #Merz #SPD #FriedrichMerz #Migration #Europe #EU #Trump #DraghiReport #Politics #CompetitivenessCompass #GermanElection #WakeUpCall https://the-14.com/german-election-2025-why-its-a-wake-up-call-for-europe/,germanelection2025,0,0,0,2025-02-25
78,8,114065239096048615,2025-02-25 15:30:22.733000+00:00,en,109303297035031718,German Election 2025: Why It’s A Wake-Up Call for Europe#Germany #GermanElection2025 #AfD #CDU #CSU #Merz #SPD #FriedrichMerz #Migration #Europe #EU #Trump #DraghiReport #Politics #CompetitivenessCompass #GermanElection #WakeUpCall https://the-14.com/german-election-2025-why-its-a-wake-up-call-for-europe/,afd,0,0,0,2025-02-25
79,8,114065239096048615,2025-02-25 15:30:22.733000+00:00,en,109303297035031718,German Election 2025: Why It’s A Wake-Up Call for Europe#Germany #GermanElection2025 #AfD #CDU #CSU #Merz #SPD #FriedrichMerz #Migration #Europe #EU #Trump #DraghiReport #Politics #CompetitivenessCompass #GermanElection #WakeUpCall https://the-14.com/german-election-2025-why-its-a-wake-up-call-for-europe/,cdu,0,0,0,2025-02-25
80,8,114065239096048615,2025-02-25 15:30:22.733000+00:00,en,109303297035031718,German Election 2025: Why It’s A Wake-Up Call for Europe#Germany #GermanElection2025 #AfD #CDU #CSU #Merz #SPD #FriedrichMerz #Migration #Europe #EU #Trump #DraghiReport #Politics #CompetitivenessCompass #GermanElection #WakeUpCall https://the-14.com/german-election-2025-why-its-a-wake-up-call-for-europe/,csu,0,0,0,2025-02-25
81,8,114065239096048615,2025-02-25 15:30:22.733000+00:00,en,109303297035031718,German Election 2025: Why It’s A Wake-Up Call for Europe#Germany #GermanElection2025 #AfD #CDU #CSU #Merz #SPD #FriedrichMerz #Migration #Europe #EU #Trump #DraghiReport #Politics #CompetitivenessCompass #GermanElection #WakeUpCall https://the-14.com/german-election-2025-why-its-a-wake-up-call-for-europe/,merz,0,0,0,2025-02-25
82,8,114065239096048615,2025-02-25 15:30:22.733000+00:00,en,109303297035031718,German Election 2025: Why It’s A Wake-Up Call for Europe#Germany #GermanElection2025 #AfD #CDU #CSU #Merz #SPD #FriedrichMerz #Migration #Europe #EU #Trump #DraghiReport #Politics #CompetitivenessCompass #GermanElection #WakeUpCall https://the-14.com/german-election-2025-why-its-a-wake-up-call-for-europe/,spd,0,0,0,2025-02-25
83,8,114065239096048615,2025-02-25 15:30:22.733000+00:00,en,109303297035031718,German Election 2025: Why It’s A Wake-Up Call for Europe#Germany #GermanElection2025 #AfD #CDU #CSU #Merz #SPD #FriedrichMerz #Migration #Europe #EU #Trump #DraghiReport #Politics #CompetitivenessCompass #GermanElection #WakeUpCall https://the-14.com/german-election-2025-why-its-a-wake-up-call-for-europe/,friedrichmerz,0,0,0,2025-02-25
84,8,114065239096048615,2025-02-25 15:30:22.733000+00:00,en,109303297035031718,German Election 2025: Why It’s A Wake-Up Call for Europe#Germany #GermanElection2025 #AfD #CDU #CSU #Merz #SPD #FriedrichMerz #Migration #Europe #EU #Trump #DraghiReport #Politics #CompetitivenessCompass #GermanElection #WakeUpCall https://the-14.com/german-election-2025-why-its-a-wake-up-call-for-europe/,migration,0,0,0,2025-02-25
85,8,114065239096048615,2025-02-25 15:30:22.733000+00:00,en,109303297035031718,German Election 2025: Why It’s A Wake-Up Call for Europe#Germany #GermanElection2025 #AfD #CDU #CSU #Merz #SPD #FriedrichMerz #Migration #Europe #EU #Trump #DraghiReport #Politics #CompetitivenessCompass #GermanElection #WakeUpCall https://the-14.com/german-election-2025-why-its-a-wake-up-call-for-europe/,europe,0,0,0,2025-02-25
86,8,114065239096048615,2025-02-25 15:30:22.733000+00:00,en,109303297035031718,German Election 2025: Why It’s A Wake-Up Call for Europe#Germany #GermanElection2025 #AfD #CDU #CSU #Merz #SPD #FriedrichMerz #Migration #Europe #EU #Trump #DraghiReport #Politics #CompetitivenessCompass #GermanElection #WakeUpCall https://the-14.com/german-election-2025-why-its-a-wake-up-call-for-europe/,eu,0,0,0,2025-02-25
87,8,114065239096048615,2025-02-25 15:30:22.733000+00:00,en,109303297035031718,German Election 2025: Why It’s A Wake-Up Call for Europe#Germany #GermanElection2025 #AfD #CDU #CSU #Merz #SPD #FriedrichMerz #Migration #Europe #EU #Trump #DraghiReport #Politics #CompetitivenessCompass #GermanElection #WakeUpCall https://the-14.com/german-election-2025-why-its-a-wake-up-call-for-europe/,trump,0,0,0,2025-02-25
88,8,114065239096048615,2025-02-25 15:30:22.733000+00:00,en,109303297035031718,German Election 2025: Why It’s A Wake-Up Call for Europe#Germany #GermanElection2025 #AfD #CDU #CSU #Merz #SPD #FriedrichMerz #Migration #Europe #EU #Trump #DraghiReport #Politics #CompetitivenessCompass #GermanElection #WakeUpCall https://the-14.com/german-election-2025-why-its-a-wake-up-call-for-europe/,draghireport,0,0,0,2025-02-25
89,8,114065239096048615,2025-02-25 15:30:22.733000+00:00,en,109303297035031718,German Election 2025: Why It’s A Wake-Up Call for Europe#Germany #GermanElection2025 #AfD #CDU #CSU #Merz #SPD #FriedrichMerz #Migration #Europe #EU #Trump #DraghiReport #Politics #CompetitivenessCompass #GermanElection #WakeUpCall https://the-14.com/german-election-2025-why-its-a-wake-up-call-for-europe/,politics,0,0,0,2025-02-25
90,8,114065239096048615,2025-02-25 15:30:22.733000+00:00,en,109303297035031718,German Election 2025: Why It’s A Wake-Up Call for Europe#Germany #GermanElection2025 #AfD #CDU #CSU #Merz #SPD #FriedrichMerz #Migration #Europe #EU #Trump #DraghiReport #Politics #CompetitivenessCompass #GermanElection #WakeUpCall https://the-14.com/german-election-2025-why-its-a-wake-up-call-for-europe/,competitivenesscompass,0,0,0,2025-02-25
91,8,114065239096048615,2025-02-25 15:30:22.733000+00:00,en,109303297035031718,German Election 2025: Why It’s A Wake-Up Call for Europe#Germany #GermanElection2025 #AfD #CDU #CSU #Merz #SPD #FriedrichMerz #Migration #Europe #EU #Trump #DraghiReport #Politics #CompetitivenessCompass #GermanElection #WakeUpCall https://the-14.com/german-election-2025-why-its-a-wake-up-call-for-europe/,germanelection,0,0,0,2025-02-25
92,8,114065239096048615,2025-02-25 15:30:22.733000+00:00,en,109303297035031718,German Election 2025: Why It’s A Wake-Up Call for Europe#Germany #GermanElection2025 #AfD #CDU #CSU #Merz #SPD #FriedrichMerz #Migration #Europe #EU #Trump #DraghiReport #Politics #CompetitivenessCompass #GermanElection #WakeUpCall https://the-14.com/german-election-2025-why-its-a-wake-up-call-for-europe/,wakeupcall,0,0,0,2025-02-25
93,9,114063079547149707,2025-02-25 06:21:08+00:00,en,109494648830371437,"#GermanElection2025 “The majority is on the right - let them govern! The people want a right-wing Govt that pursues strict conservative policies”, notes Heiner Flassbeck https://www.relevante-oekonomik.com/2025/02/24/die-mehrheit-liegt-rechts-lasst-sie-regieren/",germanelection2025,2,0,1,2025-02-25
106,12,114061852675000145,2025-02-25 01:09:04+00:00,en,112202858501840236,Germany’s Merz offers hope for Ukraine amid the Trump nightmare – POLITICO https://www.byteseu.com/775702/ #DonaldTrump #EURussiaRelations #EuropeanDefense #ForeignPolicy #FriedrichMerz #GermanElection2025 #Germany #OlafScholz #RobertHabeck #Russia #U.S.ForeignPolicy #Ukraine #UnitedStates #VolodymyrZelenskyy #WarInUkraine,donaldtrump,0,0,0,2025-02-25
107,12,114061852675000145,2025-02-25 01:09:04+00:00,en,112202858501840236,Germany’s Merz offers hope for Ukraine amid the Trump nightmare – POLITICO https://www.byteseu.com/775702/ #DonaldTrump #EURussiaRelations #EuropeanDefense #ForeignPolicy #FriedrichMerz #GermanElection2025 #Germany #OlafScholz #RobertHabeck #Russia #U.S.ForeignPolicy #Ukraine #UnitedStates #VolodymyrZelenskyy #WarInUkraine,eurussiarelations,0,0,0,2025-02-25
108,12,114061852675000145,2025-02-25 01:09:04+00:00,en,112202858501840236,Germany’s Merz offers hope for Ukraine amid the Trump nightmare – POLITICO https://www.byteseu.com/775702/ #DonaldTrump #EURussiaRelations #EuropeanDefense #ForeignPolicy #FriedrichMerz #GermanElection2025 #Germany #OlafScholz #RobertHabeck #Russia #U.S.ForeignPolicy #Ukraine #UnitedStates #VolodymyrZelenskyy #WarInUkraine,europeandefense,0,0,0,2025-02-25
109,12,114061852675000145,2025-02-25 01:09:04+00:00,en,112202858501840236,Germany’s Merz offers hope for Ukraine amid the Trump nightmare – POLITICO https://www.byteseu.com/775702/ #DonaldTrump #EURussiaRelations #EuropeanDefense #ForeignPolicy #FriedrichMerz #GermanElection2025 #Germany #OlafScholz #RobertHabeck #Russia #U.S.ForeignPolicy #Ukraine #UnitedStates #VolodymyrZelenskyy #WarInUkraine,foreignpolicy,0,0,0,2025-02-25
110,12,114061852675000145,2025-02-25 01:09:04+00:00,en,112202858501840236,Germany’s Merz offers hope for Ukraine amid the Trump nightmare – POLITICO https://www.byteseu.com/775702/ #DonaldTrump #EURussiaRelations #EuropeanDefense #ForeignPolicy #FriedrichMerz #GermanElection2025 #Germany #OlafScholz #RobertHabeck #Russia #U.S.ForeignPolicy #Ukraine #UnitedStates #VolodymyrZelenskyy #WarInUkraine,friedrichmerz,0,0,0,2025-02-25
111,12,114061852675000145,2025-02-25 01:09:04+00:00,en,112202858501840236,Germany’s Merz offers hope for Ukraine amid the Trump nightmare – POLITICO https://www.byteseu.com/775702/ #DonaldTrump #EURussiaRelations #EuropeanDefense #ForeignPolicy #FriedrichMerz #GermanElection2025 #Germany #OlafScholz #RobertHabeck #Russia #U.S.ForeignPolicy #Ukraine #UnitedStates #VolodymyrZelenskyy #WarInUkraine,germanelection2025,0,0,0,2025-02-25
112,12,114061852675000145,2025-02-25 01:09:04+00:00,en,112202858501840236,Germany’s Merz offers hope for Ukraine amid the Trump nightmare – POLITICO https://www.byteseu.com/775702/ #DonaldTrump #EURussiaRelations #EuropeanDefense #ForeignPolicy #FriedrichMerz #GermanElection2025 #Germany #OlafScholz #RobertHabeck #Russia #U.S.ForeignPolicy #Ukraine #UnitedStates #VolodymyrZelenskyy #WarInUkraine,germany,0,0,0,2025-02-25
113,12,114061852675000145,2025-02-25 01:09:04+00:00,en,112202858501840236,Germany’s Merz offers hope for Ukraine amid the Trump nightmare – POLITICO https://www.byteseu.com/775702/ #DonaldTrump #EURussiaRelations #EuropeanDefense #ForeignPolicy #FriedrichMerz #GermanElection2025 #Germany #OlafScholz #RobertHabeck #Russia #U.S.ForeignPolicy #Ukraine #UnitedStates #VolodymyrZelenskyy #WarInUkraine,olafscholz,0,0,0,2025-02-25
114,12,114061852675000145,2025-02-25 01:09:04+00:00,en,112202858501840236,Germany’s Merz offers hope for Ukraine amid the Trump nightmare – POLITICO https://www.byteseu.com/775702/ #DonaldTrump #EURussiaRelations #EuropeanDefense #ForeignPolicy #FriedrichMerz #GermanElection2025 #Germany #OlafScholz #RobertHabeck #Russia #U.S.ForeignPolicy #Ukraine #UnitedStates #VolodymyrZelenskyy #WarInUkraine,RobertHabeck,0,0,0,2025-02-25
115,12,114061852675000145,2025-02-25 01:09:04+00:00,en,112202858501840236,Germany’s Merz offers hope for Ukraine amid the Trump nightmare – POLITICO https://www.byteseu.com/775702/ #DonaldTrump #EURussiaRelations #EuropeanDefense #ForeignPolicy #FriedrichMerz #GermanElection2025 #Germany #OlafScholz #RobertHabeck #Russia #U.S.ForeignPolicy #Ukraine #UnitedStates #VolodymyrZelenskyy #WarInUkraine,russia,0,0,0,2025-02-25
116,12,114061852675000145,2025-02-25 01:09:04+00:00,en,112202858501840236,Germany’s Merz offers hope for Ukraine amid the Trump nightmare – POLITICO https://www.byteseu.com/775702/ #DonaldTrump #EURussiaRelations #EuropeanDefense #ForeignPolicy #FriedrichMerz #GermanElection2025 #Germany #OlafScholz #RobertHabeck #Russia #U.S.ForeignPolicy #Ukraine #UnitedStates #VolodymyrZelenskyy #WarInUkraine,U,0,0,0,2025-02-25
117,12,114061852675000145,2025-02-25 01:09:04+00:00,en,112202858501840236,Germany’s Merz offers hope for Ukraine amid the Trump nightmare – POLITICO https://www.byteseu.com/775702/ #DonaldTrump #EURussiaRelations #EuropeanDefense #ForeignPolicy #FriedrichMerz #GermanElection2025 #Germany #OlafScholz #RobertHabeck #Russia #U.S.ForeignPolicy #Ukraine #UnitedStates #VolodymyrZelenskyy #WarInUkraine,ukraine,0,0,0,2025-02-25
118,12,114061852675000145,2025-02-25 01:09:04+00:00,en,112202858501840236,Germany’s Merz offers hope for Ukraine amid the Trump nightmare – POLITICO https://www.byteseu.com/775702/ #DonaldTrump #EURussiaRelations #EuropeanDefense #ForeignPolicy #FriedrichMerz #GermanElection2025 #Germany #OlafScholz #RobertHabeck #Russia #U.S.ForeignPolicy #Ukraine #UnitedStates #VolodymyrZelenskyy #WarInUkraine,unitedstates,0,0,0,2025-02-25
119,12,114061852675000145,2025-02-25 01:09:04+00:00,en,112202858501840236,Germany’s Merz offers hope for Ukraine amid the Trump nightmare – POLITICO https://www.byteseu.com/775702/ #DonaldTrump #EURussiaRelations #EuropeanDefense #ForeignPolicy #FriedrichMerz #GermanElection2025 #Germany #OlafScholz #RobertHabeck #Russia #U.S.ForeignPolicy #Ukraine #UnitedStates #VolodymyrZelenskyy #WarInUkraine,VolodymyrZelenskyy,0,0,0,2025-02-25
120,12,114061852675000145,2025-02-25 01:09:04+00:00,en,112202858501840236,Germany’s Merz offers hope for Ukraine amid the Trump nightmare – POLITICO https://www.byteseu.com/775702/ #DonaldTrump #EURussiaRelations #EuropeanDefense #ForeignPolicy #FriedrichMerz #GermanElection2025 #Germany #OlafScholz #RobertHabeck #Russia #U.S.ForeignPolicy #Ukraine #UnitedStates #VolodymyrZelenskyy #WarInUkraine,WARINUKRAINE,0,0,0,2025-02-25
121,13,114060283863391014,2025-02-24 18:30:07+00:00,en,112202858501840236,"Germany’s Merz vows ‘independence’ from Trump’s America, warning NATO may soon be dead – POLITICO https://www.byteseu.com/774841/ #DonaldTrump #Europe #EuropeanPolitics #GermanElection2025 #Germany #NATO #Russia #U.S.ForeignPolicy #Ukraine #UnitedStates",donaldtrump,0,0,2,2025-02-24
122,13,114060283863391014,2025-02-24 18:30:07+00:00,en,112202858501840236,"Germany’s Merz vows ‘independence’ from Trump’s America, warning NATO may soon be dead – POLITICO https://www.byteseu.com/774841/ #DonaldTrump #Europe #EuropeanPolitics #GermanElection2025 #Germany #NATO #Russia #U.S.ForeignPolicy #Ukraine #UnitedStates",europe,0,0,2,2025-02-24
123,13,114060283863391014,2025-02-24 18:30:07+00:00,en,112202858501840236,"Germany’s Merz vows ‘independence’ from Trump’s America, warning NATO may soon be dead – POLITICO https://www.byteseu.com/774841/ #DonaldTrump #Europe #EuropeanPolitics #GermanElection2025 #Germany #NATO #Russia #U.S.ForeignPolicy #Ukraine #UnitedStates",europeanpolitics,0,0,2,2025-02-24
124,13,114060283863391014,2025-02-24 18:30:07+00:00,en,112202858501840236,"Germany’s Merz vows ‘independence’ from Trump’s America, warning NATO may soon be dead – POLITICO https://www.byteseu.com/774841/ #DonaldTrump #Europe #EuropeanPolitics #GermanElection2025 #Germany #NATO #Russia #U.S.ForeignPolicy #Ukraine #UnitedStates",germanelection2025,0,0,2,2025-02-24
125,13,114060283863391014,2025-02-24 18:30:07+00:00,en,112202858501840236,"Germany’s Merz vows ‘independence’ from Trump’s America, warning NATO may soon be dead – POLITICO https://www.byteseu.com/774841/ #DonaldTrump #Europe #EuropeanPolitics #GermanElection2025 #Germany #NATO #Russia #U.S.ForeignPolicy #Ukraine #UnitedStates",germany,0,0,2,2025-02-24
126,13,114060283863391014,2025-02-24 18:30:07+00:00,en,112202858501840236,"Germany’s Merz vows ‘independence’ from Trump’s America, warning NATO may soon be dead – POLITICO https://www.byteseu.com/774841/ #DonaldTrump #Europe #EuropeanPolitics #GermanElection2025 #Germany #NATO #Russia #U.S.ForeignPolicy #Ukraine #UnitedStates",NATO,0,0,2,2025-02-24
127,13,114060283863391014,2025-02-24 18:30:07+00:00,en,112202858501840236,"Germany’s Merz vows ‘independence’ from Trump’s America, warning NATO may soon be dead – POLITICO https://www.byteseu.com/774841/ #DonaldTrump #Europe #EuropeanPolitics #GermanElection2025 #Germany #NATO #Russia #U.S.ForeignPolicy #Ukraine #UnitedStates",russia,0,0,2,2025-02-24
128,13,114060283863391014,2025-02-24 18:30:07+00:00,en,112202858501840236,"Germany’s Merz vows ‘independence’ from Trump’s America, warning NATO may soon be dead – POLITICO https://www.byteseu.com/774841/ #DonaldTrump #Europe #EuropeanPolitics #GermanElection2025 #Germany #NATO #Russia #U.S.ForeignPolicy #Ukraine #UnitedStates",U,0,0,2,2025-02-24
129,13,114060283863391014,2025-02-24 18:30:07+00:00,en,112202858501840236,"Germany’s Merz vows ‘independence’ from Trump’s America, warning NATO may soon be dead – POLITICO https://www.byteseu.com/774841/ #DonaldTrump #Europe #EuropeanPolitics #GermanElection2025 #Germany #NATO #Russia #U.S.ForeignPolicy #Ukraine #UnitedStates",ukraine,0,0,2,2025-02-24
130,13,114060283863391014,2025-02-24 18:30:07+00:00,en,112202858501840236,"Germany’s Merz vows ‘independence’ from Trump’s America, warning NATO may soon be dead – POLITICO https://www.byteseu.com/774841/ #DonaldTrump #Europe #EuropeanPolitics #GermanElection2025 #Germany #NATO #Russia #U.S.ForeignPolicy #Ukraine #UnitedStates",unitedstates,0,0,2,2025-02-24
131,14,114060088869889353,2025-02-24 17:40:34+00:00,en,109302290691213840,The Brief – A Merz reality check https://www.euractiv.com/section/politics/opinion/the-brief-a-merz-reality-check/?utm_source=dlvr.it&utm_medium=mastodon #FriedrichMerz #Germanelection2025 #Germanelections2025,friedrichmerz,0,0,0,2025-02-24
132,14,114060088869889353,2025-02-24 17:40:34+00:00,en,109302290691213840,The Brief – A Merz reality check https://www.euractiv.com/section/politics/opinion/the-brief-a-merz-reality-check/?utm_source=dlvr.it&utm_medium=mastodon #FriedrichMerz #Germanelection2025 #Germanelections2025,germanelection2025,0,0,0,2025-02-24
133,14,114060088869889353,2025-02-24 17:40:34+00:00,en,109302290691213840,The Brief – A Merz reality check https://www.euractiv.com/section/politics/opinion/the-brief-a-merz-reality-check/?utm_source=dlvr.it&utm_medium=mastodon #FriedrichMerz #Germanelection2025 #Germanelections2025,germanelections2025,0,0,0,2025-02-24
152,17,114059155553023365,2025-02-24 13:43:11+00:00,en,109427800078173604,"Watch it, #Germany you get what you vote for, maybe another felon Trump or fascist Musk.#germanelection2025 #fascistmusk #felontrump #uspolitics #corruption #crime https://www.bbc.com/news/articles/cvgenlw94n3o",germany,0,0,2,2025-02-24
153,17,114059155553023365,2025-02-24 13:43:11+00:00,en,109427800078173604,"Watch it, #Germany you get what you vote for, maybe another felon Trump or fascist Musk.#germanelection2025 #fascistmusk #felontrump #uspolitics #corruption #crime https://www.bbc.com/news/articles/cvgenlw94n3o",germanelection2025,0,0,2,2025-02-24
154,17,114059155553023365,2025-02-24 13:43:11+00:00,en,109427800078173604,"Watch it, #Germany you get what you vote for, maybe another felon Trump or fascist Musk.#germanelection2025 #fascistmusk #felontrump #uspolitics #corruption #crime https://www.bbc.com/news/articles/cvgenlw94n3o",fascistmusk,0,0,2,2025-02-24
155,17,114059155553023365,2025-02-24 13:43:11+00:00,en,109427800078173604,"Watch it, #Germany you get what you vote for, maybe another felon Trump or fascist Musk.#germanelection2025 #fascistmusk #felontrump #uspolitics #corruption #crime https://www.bbc.com/news/articles/cvgenlw94n3o",felontrump,0,0,2,2025-02-24
156,17,114059155553023365,2025-02-24 13:43:11+00:00,en,109427800078173604,"Watch it, #Germany you get what you vote for, maybe another felon Trump or fascist Musk.#germanelection2025 #fascistmusk #felontrump #uspolitics #corruption #crime https://www.bbc.com/news/articles/cvgenlw94n3o",uspolitics,0,0,2,2025-02-24
157,17,114059155553023365,2025-02-24 13:43:11+00:00,en,109427800078173604,"Watch it, #Germany you get what you vote for, maybe another felon Trump or fascist Musk.#germanelection2025 #fascistmusk #felontrump #uspolitics #corruption #crime https://www.bbc.com/news/articles/cvgenlw94n3o",corruption,0,0,2,2025-02-24
158,17,114059155553023365,2025-02-24 13:43:11+00:00,en,109427800078173604,"Watch it, #Germany you get what you vote for, maybe another felon Trump or fascist Musk.#germanelection2025 #fascistmusk #felontrump #uspolitics #corruption #crime https://www.bbc.com/news/articles/cvgenlw94n3o",crime,0,0,2,2025-02-24
165,19,114058747872382968,2025-02-24 11:59:32+00:00,en,109324553220745258,"Thoughts on #germanelection2025 AfD did worse than they hoped. They're performing well among disaffected people. But Die Linke did unexpectedly well, especially among female voters. CDU performed as expected, but no better.SPD did much worse than they hoped, possibly because of close relations with centre-right CDU.Greens have been in coalition gov for a while, which meant they had to compromise. IMO this put many of their core voters off voting for them. #politics #Germany",germany,1,0,0,2025-02-24
166,19,114058747872382968,2025-02-24 11:59:32+00:00,en,109324553220745258,"Thoughts on #germanelection2025 AfD did worse than they hoped. They're performing well among disaffected people. But Die Linke did unexpectedly well, especially among female voters. CDU performed as expected, but no better.SPD did much worse than they hoped, possibly because of close relations with centre-right CDU.Greens have been in coalition gov for a while, which meant they had to compromise. IMO this put many of their core voters off voting for them. #politics #Germany",politics,1,0,0,2025-02-24
167,19,114058747872382968,2025-02-24 11:59:32+00:00,en,109324553220745258,"Thoughts on #germanelection2025 AfD did worse than they hoped. They're performing well among disaffected people. But Die Linke did unexpectedly well, especially among female voters. CDU performed as expected, but no better.SPD did much worse than they hoped, possibly because of close relations with centre-right CDU.Greens have been in coalition gov for a while, which meant they had to compromise. IMO this put many of their core voters off voting for them. #politics #Germany",germanelection2025,1,0,0,2025-02-24
188,23,114056630825614450,2025-02-24 03:01:10+00:00,en,112159887740426748,"Bad news: The Afd did very well and came in second place.Good news: The Left did significantly better than expected and blocked the economistic ""yellow socialist"" BSW from staying in parliament.https://www.google.com/search?ie=UTF-8&client=ms-android-rogers-ca-revc&source=android-browser&q=germany+elections#ebo=0#germany #germanelection2025 #election #AfD #CDU #dielink #BSW #bundestag #immigration #Antifa",germany,1,0,5,2025-02-24
189,23,114056630825614450,2025-02-24 03:01:10+00:00,en,112159887740426748,"Bad news: The Afd did very well and came in second place.Good news: The Left did significantly better than expected and blocked the economistic ""yellow socialist"" BSW from staying in parliament.https://www.google.com/search?ie=UTF-8&client=ms-android-rogers-ca-revc&source=android-browser&q=germany+elections#ebo=0#germany #germanelection2025 #election #AfD #CDU #dielink #BSW #bundestag #immigration #Antifa",germanelection2025,1,0,5,2025-02-24
190,23,114056630825614450,2025-02-24 03:01:10+00:00,en,112159887740426748,"Bad news: The Afd did very well and came in second place.Good news: The Left did significantly better than expected and blocked the economistic ""yellow socialist"" BSW from staying in parliament.https://www.google.com/search?ie=UTF-8&client=ms-android-rogers-ca-revc&source=android-browser&q=germany+elections#ebo=0#germany #germanelection2025 #election #AfD #CDU #dielink #BSW #bundestag #immigration #Antifa",election,1,0,5,2025-02-24
191,23,114056630825614450,2025-02-24 03:01:10+00:00,en,112159887740426748,"Bad news: The Afd did very well and came in second place.Good news: The Left did significantly better than expected and blocked the economistic ""yellow socialist"" BSW from staying in parliament.https://www.google.com/search?ie=UTF-8&client=ms-android-rogers-ca-revc&source=android-browser&q=germany+elections#ebo=0#germany #germanelection2025 #election #AfD #CDU #dielink #BSW #bundestag #immigration #Antifa",afd,1,0,5,2025-02-24
192,23,114056630825614450,2025-02-24 03:01:10+00:00,en,112159887740426748,"Bad news: The Afd did very well and came in second place.Good news: The Left did significantly better than expected and blocked the economistic ""yellow socialist"" BSW from staying in parliament.https://www.google.com/search?ie=UTF-8&client=ms-android-rogers-ca-revc&source=android-browser&q=germany+elections#ebo=0#germany #germanelection2025 #election #AfD #CDU #dielink #BSW #bundestag #immigration #Antifa",cdu,1,0,5,2025-02-24
193,23,114056630825614450,2025-02-24 03:01:10+00:00,en,112159887740426748,"Bad news: The Afd did very well and came in second place.Good news: The Left did significantly better than expected and blocked the economistic ""yellow socialist"" BSW from staying in parliament.https://www.google.com/search?ie=UTF-8&client=ms-android-rogers-ca-revc&source=android-browser&q=germany+elections#ebo=0#germany #germanelection2025 #election #AfD #CDU #dielink #BSW #bundestag #immigration #Antifa",dielink,1,0,5,2025-02-24
194,23,114056630825614450,2025-02-24 03:01:10+00:00,en,112159887740426748,"Bad news: The Afd did very well and came in second place.Good news: The Left did significantly better than expected and blocked the economistic ""yellow socialist"" BSW from staying in parliament.https://www.google.com/search?ie=UTF-8&client=ms-android-rogers-ca-revc&source=android-browser&q=germany+elections#ebo=0#germany #germanelection2025 #election #AfD #CDU #dielink #BSW #bundestag #immigration #Antifa",bsw,1,0,5,2025-02-24
195,23,114056630825614450,2025-02-24 03:01:10+00:00,en,112159887740426748,"Bad news: The Afd did very well and came in second place.Good news: The Left did significantly better than expected and blocked the economistic ""yellow socialist"" BSW from staying in parliament.https://www.google.com/search?ie=UTF-8&client=ms-android-rogers-ca-revc&source=android-browser&q=germany+elections#ebo=0#germany #germanelection2025 #election #AfD #CDU #dielink #BSW #bundestag #immigration #Antifa",bundestag,1,0,5,2025-02-24
196,23,114056630825614450,2025-02-24 03:01:10+00:00,en,112159887740426748,"Bad news: The Afd did very well and came in second place.Good news: The Left did significantly better than expected and blocked the economistic ""yellow socialist"" BSW from staying in parliament.https://www.google.com/search?ie=UTF-8&client=ms-android-rogers-ca-revc&source=android-browser&q=germany+elections#ebo=0#germany #germanelection2025 #election #AfD #CDU #dielink #BSW #bundestag #immigration #Antifa",immigration,1,0,5,2025-02-24
197,23,114056630825614450,2025-02-24 03:01:10+00:00,en,112159887740426748,"Bad news: The Afd did very well and came in second place.Good news: The Left did significantly better than expected and blocked the economistic ""yellow socialist"" BSW from staying in parliament.https://www.google.com/search?ie=UTF-8&client=ms-android-rogers-ca-revc&source=android-browser&q=germany+elections#ebo=0#germany #germanelection2025 #election #AfD #CDU #dielink #BSW #bundestag #immigration #Antifa",antifa,1,0,5,2025-02-24
198,24,114056033451413596,2025-02-24 00:29:10+00:00,en,112202858501840236,It’s time to rev up Germany’s economic engine https://www.byteseu.com/772634/ #economy #EuropeanUnion #GermanEconomy #GermanElection2025 #Germany,economy,0,0,1,2025-02-24
199,24,114056033451413596,2025-02-24 00:29:10+00:00,en,112202858501840236,It’s time to rev up Germany’s economic engine https://www.byteseu.com/772634/ #economy #EuropeanUnion #GermanEconomy #GermanElection2025 #Germany,europeanunion,0,0,1,2025-02-24
200,24,114056033451413596,2025-02-24 00:29:10+00:00,en,112202858501840236,It’s time to rev up Germany’s economic engine https://www.byteseu.com/772634/ #economy #EuropeanUnion #GermanEconomy #GermanElection2025 #Germany,germaneconomy,0,0,1,2025-02-24
201,24,114056033451413596,2025-02-24 00:29:10+00:00,en,112202858501840236,It’s time to rev up Germany’s economic engine https://www.byteseu.com/772634/ #economy #EuropeanUnion #GermanEconomy #GermanElection2025 #Germany,germanelection2025,0,0,1,2025-02-24
202,24,114056033451413596,2025-02-24 00:29:10+00:00,en,112202858501840236,It’s time to rev up Germany’s economic engine https://www.byteseu.com/772634/ #economy #EuropeanUnion #GermanEconomy #GermanElection2025 #Germany,germany,0,0,1,2025-02-24
203,25,114055491314332837,2025-02-23 22:11:19+00:00,en,110313220672583988,"The tide of cope coming out of Anglosphere centrist, liberal and Labour (ish) commentators about the German election is palpable. ""Yaaay grand coalition, the #AfD didn't win"".The #CDU got its second worst result since World War Two. The SPD got its worst result since World War Two. The AfD got the best result in its history and will form the largest opposition party.The ""grand"" coalition will be lucky to be able to get its majority as high as 10.#bundestag #germanelection2025",afd,0,0,0,2025-02-23
204,25,114055491314332837,2025-02-23 22:11:19+00:00,en,110313220672583988,"The tide of cope coming out of Anglosphere centrist, liberal and Labour (ish) commentators about the German election is palpable. ""Yaaay grand coalition, the #AfD didn't win"".The #CDU got its second worst result since World War Two. The SPD got its worst result since World War Two. The AfD got the best result in its history and will form the largest opposition party.The ""grand"" coalition will be lucky to be able to get its majority as high as 10.#bundestag #germanelection2025",cdu,0,0,0,2025-02-23
205,25,114055491314332837,2025-02-23 22:11:19+00:00,en,110313220672583988,"The tide of cope coming out of Anglosphere centrist, liberal and Labour (ish) commentators about the German election is palpable. ""Yaaay grand coalition, the #AfD didn't win"".The #CDU got its second worst result since World War Two. The SPD got its worst result since World War Two. The AfD got the best result in its history and will form the largest opposition party.The ""grand"" coalition will be lucky to be able to get its majority as high as 10.#bundestag #germanelection2025",bundestag,0,0,0,2025-02-23
206,25,114055491314332837,2025-02-23 22:11:19+00:00,en,110313220672583988,"The tide of cope coming out of Anglosphere centrist, liberal and Labour (ish) commentators about the German election is palpable. ""Yaaay grand coalition, the #AfD didn't win"".The #CDU got its second worst result since World War Two. The SPD got its worst result since World War Two. The AfD got the best result in its history and will form the largest opposition party.The ""grand"" coalition will be lucky to be able to get its majority as high as 10.#bundestag #germanelection2025",germanelection2025,0,0,0,2025-02-23
207,26,114055482254532338,2025-02-23 22:09:02+00:00,en,109349828013884113,#politics #Germany #GermanElection #germanelection2025 #Democracy,politics,0,0,3,2025-02-23
208,26,114055482254532338,2025-02-23 22:09:02+00:00,en,109349828013884113,#politics #Germany #GermanElection #germanelection2025 #Democracy,germany,0,0,3,2025-02-23
209,26,114055482254532338,2025-02-23 22:09:02+00:00,en,109349828013884113,#politics #Germany #GermanElection #germanelection2025 #Democracy,germanelection,0,0,3,2025-02-23
210,26,114055482254532338,2025-02-23 22:09:02+00:00,en,109349828013884113,#politics #Germany #GermanElection #germanelection2025 #Democracy,germanelection2025,0,0,3,2025-02-23
211,26,114055482254532338,2025-02-23 22:09:02+00:00,en,109349828013884113,#politics #Germany #GermanElection #germanelection2025 #Democracy,democracy,0,0,3,2025-02-23
225,29,114055302442480767,2025-02-23 21:23:21+00:00,en,113268461705901171,"If they ditch Scholz, he will always have a job at a little known #Israeli Company called Mossad.  #Scholz #GermanChancellor #germanelection2025",israeli,0,0,0,2025-02-23
226,29,114055302442480767,2025-02-23 21:23:21+00:00,en,113268461705901171,"If they ditch Scholz, he will always have a job at a little known #Israeli Company called Mossad.  #Scholz #GermanChancellor #germanelection2025",scholz,0,0,0,2025-02-23
227,29,114055302442480767,2025-02-23 21:23:21+00:00,en,113268461705901171,"If they ditch Scholz, he will always have a job at a little known #Israeli Company called Mossad.  #Scholz #GermanChancellor #germanelection2025",germanchancellor,0,0,0,2025-02-23
228,29,114055302442480767,2025-02-23 21:23:21+00:00,en,113268461705901171,"If they ditch Scholz, he will always have a job at a little known #Israeli Company called Mossad.  #Scholz #GermanChancellor #germanelection2025",germanelection2025,0,0,0,2025-02-23
240,31,114055252914004584,2025-02-23 21:10:43+00:00,de,109290450656997971,"The German conservative party #CDU got the second worst result ever –for their populist anti-migration election campaign. The German #Greens on the other hand, got their second best. #germanelection2025 #BTW25Striking, that both parties are interviewed as if it were exactly the other way around.",cdu,1,0,16,2025-02-23
241,31,114055252914004584,2025-02-23 21:10:43+00:00,de,109290450656997971,"The German conservative party #CDU got the second worst result ever –for their populist anti-migration election campaign. The German #Greens on the other hand, got their second best. #germanelection2025 #BTW25Striking, that both parties are interviewed as if it were exactly the other way around.",greens,1,0,16,2025-02-23
242,31,114055252914004584,2025-02-23 21:10:43+00:00,de,109290450656997971,"The German conservative party #CDU got the second worst result ever –for their populist anti-migration election campaign. The German #Greens on the other hand, got their second best. #germanelection2025 #BTW25Striking, that both parties are interviewed as if it were exactly the other way around.",germanelection2025,1,0,16,2025-02-23
243,31,114055252914004584,2025-02-23 21:10:43+00:00,de,109290450656997971,"The German conservative party #CDU got the second worst result ever –for their populist anti-migration election campaign. The German #Greens on the other hand, got their second best. #germanelection2025 #BTW25Striking, that both parties are interviewed as if it were exactly the other way around.",BTW25,1,0,16,2025-02-23
244,32,114054942909164347,2025-02-23 19:51:53+00:00,en,113928973869603280,"Time on their bullshit as usual, publishing an exclusive interview with Alice Weidel on the eve of the German elections and just trying their hardest to normalise fascism.#fckafd #germanelection2025",fckafd,0,0,0,2025-02-23
245,32,114054942909164347,2025-02-23 19:51:53+00:00,en,113928973869603280,"Time on their bullshit as usual, publishing an exclusive interview with Alice Weidel on the eve of the German elections and just trying their hardest to normalise fascism.#fckafd #germanelection2025",germanelection2025,0,0,0,2025-02-23
246,33,114054922172147225,2025-02-23 19:46:36+00:00,en,109372424092978912,"Friedrich Merz of the Christian Democratic Union party has repeatedly and categorically ruled out working with AfD, as have other mainstream parties. #Germany #germanelection2025 https://www.cbc.ca/news/world/germany-election-1.7466364",germany,1,0,4,2025-02-23
247,33,114054922172147225,2025-02-23 19:46:36+00:00,en,109372424092978912,"Friedrich Merz of the Christian Democratic Union party has repeatedly and categorically ruled out working with AfD, as have other mainstream parties. #Germany #germanelection2025 https://www.cbc.ca/news/world/germany-election-1.7466364",germanelection2025,1,0,4,2025-02-23
248,34,114054855125895004,2025-02-23 19:29:35+00:00,en,111999692390283212,"Disappointed with #euronews reporting about the #Germanelection2025 today, after their very good reporting about the European election. 3 former male EU officials and politician with no obvious connection to Germany and the more they talked also no apparent understanding of the political dynamics. Schade :/",euronews,0,0,0,2025-02-23
249,34,114054855125895004,2025-02-23 19:29:35+00:00,en,111999692390283212,"Disappointed with #euronews reporting about the #Germanelection2025 today, after their very good reporting about the European election. 3 former male EU officials and politician with no obvious connection to Germany and the more they talked also no apparent understanding of the political dynamics. Schade :/",germanelection2025,0,0,0,2025-02-23
250,35,114054831516855755,2025-02-23 19:23:33+00:00,en,108212446901809751,"Dear #Germany, Based on your media consumption lately, how likely is CDU/CSU supported by SPD and the greens? Is that not unprecedented? Is this something Merz has expressed being open to?#germanelection2025 #germanelection",germany,1,0,0,2025-02-23
251,35,114054831516855755,2025-02-23 19:23:33+00:00,en,108212446901809751,"Dear #Germany, Based on your media consumption lately, how likely is CDU/CSU supported by SPD and the greens? Is that not unprecedented? Is this something Merz has expressed being open to?#germanelection2025 #germanelection",germanelection2025,1,0,0,2025-02-23
252,35,114054831516855755,2025-02-23 19:23:33+00:00,en,108212446901809751,"Dear #Germany, Based on your media consumption lately, how likely is CDU/CSU supported by SPD and the greens? Is that not unprecedented? Is this something Merz has expressed being open to?#germanelection2025 #germanelection",germanelection,1,0,0,2025-02-23
253,36,114054669184385744,2025-02-23 18:42:13+00:00,en,112202858501840236,Polls open in pivotal parliamentary elections in Germany https://www.byteseu.com/771872/ #election #FriedrichMerz #GermanElection2025 #Germany #OlafScholz #Protests,election,0,0,1,2025-02-23
254,36,114054669184385744,2025-02-23 18:42:13+00:00,en,112202858501840236,Polls open in pivotal parliamentary elections in Germany https://www.byteseu.com/771872/ #election #FriedrichMerz #GermanElection2025 #Germany #OlafScholz #Protests,friedrichmerz,0,0,1,2025-02-23
255,36,114054669184385744,2025-02-23 18:42:13+00:00,en,112202858501840236,Polls open in pivotal parliamentary elections in Germany https://www.byteseu.com/771872/ #election #FriedrichMerz #GermanElection2025 #Germany #OlafScholz #Protests,germanelection2025,0,0,1,2025-02-23
256,36,114054669184385744,2025-02-23 18:42:13+00:00,en,112202858501840236,Polls open in pivotal parliamentary elections in Germany https://www.byteseu.com/771872/ #election #FriedrichMerz #GermanElection2025 #Germany #OlafScholz #Protests,germany,0,0,1,2025-02-23
257,36,114054669184385744,2025-02-23 18:42:13+00:00,en,112202858501840236,Polls open in pivotal parliamentary elections in Germany https://www.byteseu.com/771872/ #election #FriedrichMerz #GermanElection2025 #Germany #OlafScholz #Protests,olafscholz,0,0,1,2025-02-23
258,36,114054669184385744,2025-02-23 18:42:13+00:00,en,112202858501840236,Polls open in pivotal parliamentary elections in Germany https://www.byteseu.com/771872/ #election #FriedrichMerz #GermanElection2025 #Germany #OlafScholz #Protests,protests,0,0,1,2025-02-23
259,37,114054586537690052,2025-02-23 18:21:17+00:00,de,113931651313630700,Friedrich Merz gewinnt – und dürfte es schwer haben.Ein Artikel der SZ #btw2025 #btw #bundestagswahl #wahlen #germanelection #germanelection2025 #news #aktuell #currentnews ➡️ https://archive.ph/6N7bp,btw2025,0,0,3,2025-02-23
260,37,114054586537690052,2025-02-23 18:21:17+00:00,de,113931651313630700,Friedrich Merz gewinnt – und dürfte es schwer haben.Ein Artikel der SZ #btw2025 #btw #bundestagswahl #wahlen #germanelection #germanelection2025 #news #aktuell #currentnews ➡️ https://archive.ph/6N7bp,btw,0,0,3,2025-02-23
261,37,114054586537690052,2025-02-23 18:21:17+00:00,de,113931651313630700,Friedrich Merz gewinnt – und dürfte es schwer haben.Ein Artikel der SZ #btw2025 #btw #bundestagswahl #wahlen #germanelection #germanelection2025 #news #aktuell #currentnews ➡️ https://archive.ph/6N7bp,Bundestagswahl,0,0,3,2025-02-23
262,37,114054586537690052,2025-02-23 18:21:17+00:00,de,113931651313630700,Friedrich Merz gewinnt – und dürfte es schwer haben.Ein Artikel der SZ #btw2025 #btw #bundestagswahl #wahlen #germanelection #germanelection2025 #news #aktuell #currentnews ➡️ https://archive.ph/6N7bp,wahlen,0,0,3,2025-02-23
263,37,114054586537690052,2025-02-23 18:21:17+00:00,de,113931651313630700,Friedrich Merz gewinnt – und dürfte es schwer haben.Ein Artikel der SZ #btw2025 #btw #bundestagswahl #wahlen #germanelection #germanelection2025 #news #aktuell #currentnews ➡️ https://archive.ph/6N7bp,germanelection,0,0,3,2025-02-23
264,37,114054586537690052,2025-02-23 18:21:17+00:00,de,113931651313630700,Friedrich Merz gewinnt – und dürfte es schwer haben.Ein Artikel der SZ #btw2025 #btw #bundestagswahl #wahlen #germanelection #germanelection2025 #news #aktuell #currentnews ➡️ https://archive.ph/6N7bp,germanelection2025,0,0,3,2025-02-23
265,37,114054586537690052,2025-02-23 18:21:17+00:00,de,113931651313630700,Friedrich Merz gewinnt – und dürfte es schwer haben.Ein Artikel der SZ #btw2025 #btw #bundestagswahl #wahlen #germanelection #germanelection2025 #news #aktuell #currentnews ➡️ https://archive.ph/6N7bp,news,0,0,3,2025-02-23
266,37,114054586537690052,2025-02-23 18:21:17+00:00,de,113931651313630700,Friedrich Merz gewinnt – und dürfte es schwer haben.Ein Artikel der SZ #btw2025 #btw #bundestagswahl #wahlen #germanelection #germanelection2025 #news #aktuell #currentnews ➡️ https://archive.ph/6N7bp,aktuell,0,0,3,2025-02-23
267,37,114054586537690052,2025-02-23 18:21:17+00:00,de,113931651313630700,Friedrich Merz gewinnt – und dürfte es schwer haben.Ein Artikel der SZ #btw2025 #btw #bundestagswahl #wahlen #germanelection #germanelection2025 #news #aktuell #currentnews ➡️ https://archive.ph/6N7bp,currentnews,0,0,3,2025-02-23
283,39,114054466360947531,2025-02-23 17:50:43+00:00,en,110668728509512840,For fucking fuck's sake. 20 % voted literally for Nazis. 1/5 of the voters!Fuck them. Fuck them really hard! And I mean not sexually.#germanelection2025 #Bundestagswahl2025,germanelection2025,1,0,1,2025-02-23
284,39,114054466360947531,2025-02-23 17:50:43+00:00,en,110668728509512840,For fucking fuck's sake. 20 % voted literally for Nazis. 1/5 of the voters!Fuck them. Fuck them really hard! And I mean not sexually.#germanelection2025 #Bundestagswahl2025,Bundestagswahl2025,1,0,1,2025-02-23
285,40,114054456039667411,2025-02-23 17:48:06+00:00,en,109387832672720547,"#germanelection2025 #firespinners #antifascism Hello from Germany. The far right AfD party will be 2nd strongest power in the parliament according to prognosis. Yesterday I was lucky to attend Winterfeuern Leipzig a gathering of the fire community. As the gala show MC said : ""now more than ever. Fight fascism!""",germanelection2025,0,0,0,2025-02-23
286,40,114054456039667411,2025-02-23 17:48:06+00:00,en,109387832672720547,"#germanelection2025 #firespinners #antifascism Hello from Germany. The far right AfD party will be 2nd strongest power in the parliament according to prognosis. Yesterday I was lucky to attend Winterfeuern Leipzig a gathering of the fire community. As the gala show MC said : ""now more than ever. Fight fascism!""",firespinners,0,0,0,2025-02-23
287,40,114054456039667411,2025-02-23 17:48:06+00:00,en,109387832672720547,"#germanelection2025 #firespinners #antifascism Hello from Germany. The far right AfD party will be 2nd strongest power in the parliament according to prognosis. Yesterday I was lucky to attend Winterfeuern Leipzig a gathering of the fire community. As the gala show MC said : ""now more than ever. Fight fascism!""",antifascism,0,0,0,2025-02-23
288,41,114054355623259373,2025-02-23 17:22:33+00:00,en,109391997972582343,Figures from the German federal elections are currently being posted. Please note that these are still forecasts and not projections! The projections will be published here first as soon as they are available: https://www.bundeswahlleiterin.de/bundestagswahlen/2025/ergebnisse.html#germanelection #Germanelections #germanelections2025 #germanelection2025,germanelection,0,0,0,2025-02-23
289,41,114054355623259373,2025-02-23 17:22:33+00:00,en,109391997972582343,Figures from the German federal elections are currently being posted. Please note that these are still forecasts and not projections! The projections will be published here first as soon as they are available: https://www.bundeswahlleiterin.de/bundestagswahlen/2025/ergebnisse.html#germanelection #Germanelections #germanelections2025 #germanelection2025,germanelections,0,0,0,2025-02-23
290,41,114054355623259373,2025-02-23 17:22:33+00:00,en,109391997972582343,Figures from the German federal elections are currently being posted. Please note that these are still forecasts and not projections! The projections will be published here first as soon as they are available: https://www.bundeswahlleiterin.de/bundestagswahlen/2025/ergebnisse.html#germanelection #Germanelections #germanelections2025 #germanelection2025,germanelections2025,0,0,0,2025-02-23
291,41,114054355623259373,2025-02-23 17:22:33+00:00,en,109391997972582343,Figures from the German federal elections are currently being posted. Please note that these are still forecasts and not projections! The projections will be published here first as soon as they are available: https://www.bundeswahlleiterin.de/bundestagswahlen/2025/ergebnisse.html#germanelection #Germanelections #germanelections2025 #germanelection2025,germanelection2025,0,0,0,2025-02-23
292,42,114054008950173242,2025-02-23 15:54:19+00:00,en,112202858501840236,Merz favorite to win while far right AfD eyes historic result — live – POLITICO https://www.byteseu.com/771493/ #AliceWeidel #ElectionsInEurope #FriedrichMerz #GermanElection2025 #GermanPolitics #Germany #OlafScholz,aliceweidel,0,0,1,2025-02-23
293,42,114054008950173242,2025-02-23 15:54:19+00:00,en,112202858501840236,Merz favorite to win while far right AfD eyes historic result — live – POLITICO https://www.byteseu.com/771493/ #AliceWeidel #ElectionsInEurope #FriedrichMerz #GermanElection2025 #GermanPolitics #Germany #OlafScholz,electionsineurope,0,0,1,2025-02-23
294,42,114054008950173242,2025-02-23 15:54:19+00:00,en,112202858501840236,Merz favorite to win while far right AfD eyes historic result — live – POLITICO https://www.byteseu.com/771493/ #AliceWeidel #ElectionsInEurope #FriedrichMerz #GermanElection2025 #GermanPolitics #Germany #OlafScholz,friedrichmerz,0,0,1,2025-02-23
295,42,114054008950173242,2025-02-23 15:54:19+00:00,en,112202858501840236,Merz favorite to win while far right AfD eyes historic result — live – POLITICO https://www.byteseu.com/771493/ #AliceWeidel #ElectionsInEurope #FriedrichMerz #GermanElection2025 #GermanPolitics #Germany #OlafScholz,germanelection2025,0,0,1,2025-02-23
296,42,114054008950173242,2025-02-23 15:54:19+00:00,en,112202858501840236,Merz favorite to win while far right AfD eyes historic result — live – POLITICO https://www.byteseu.com/771493/ #AliceWeidel #ElectionsInEurope #FriedrichMerz #GermanElection2025 #GermanPolitics #Germany #OlafScholz,germanpolitics,0,0,1,2025-02-23
297,42,114054008950173242,2025-02-23 15:54:19+00:00,en,112202858501840236,Merz favorite to win while far right AfD eyes historic result — live – POLITICO https://www.byteseu.com/771493/ #AliceWeidel #ElectionsInEurope #FriedrichMerz #GermanElection2025 #GermanPolitics #Germany #OlafScholz,germany,0,0,1,2025-02-23
298,42,114054008950173242,2025-02-23 15:54:19+00:00,en,112202858501840236,Merz favorite to win while far right AfD eyes historic result — live – POLITICO https://www.byteseu.com/771493/ #AliceWeidel #ElectionsInEurope #FriedrichMerz #GermanElection2025 #GermanPolitics #Germany #OlafScholz,olafscholz,0,0,1,2025-02-23
299,43,114053984533808031,2025-02-23 15:48:07+00:00,en,112202858501840236,Who is winning across the country – POLITICO https://www.byteseu.com/771472/ #FriedrichMerz #GermanElection2025 #Germany #OlafScholz,friedrichmerz,0,0,1,2025-02-23
300,43,114053984533808031,2025-02-23 15:48:07+00:00,en,112202858501840236,Who is winning across the country – POLITICO https://www.byteseu.com/771472/ #FriedrichMerz #GermanElection2025 #Germany #OlafScholz,germanelection2025,0,0,1,2025-02-23
301,43,114053984533808031,2025-02-23 15:48:07+00:00,en,112202858501840236,Who is winning across the country – POLITICO https://www.byteseu.com/771472/ #FriedrichMerz #GermanElection2025 #Germany #OlafScholz,germany,0,0,1,2025-02-23
302,43,114053984533808031,2025-02-23 15:48:07+00:00,en,112202858501840236,Who is winning across the country – POLITICO https://www.byteseu.com/771472/ #FriedrichMerz #GermanElection2025 #Germany #OlafScholz,olafscholz,0,0,1,2025-02-23
303,44,114053961413825942,2025-02-23 15:42:15+00:00,en,112202858501840236,Explained: How does Germany’s electoral system work and what changes this year? https://www.byteseu.com/771441/ #election #ElectoralSystem #ExplainerArticle #GermanElection2025 #Germany,election,0,0,1,2025-02-23
304,44,114053961413825942,2025-02-23 15:42:15+00:00,en,112202858501840236,Explained: How does Germany’s electoral system work and what changes this year? https://www.byteseu.com/771441/ #election #ElectoralSystem #ExplainerArticle #GermanElection2025 #Germany,ElectoralSystem,0,0,1,2025-02-23
305,44,114053961413825942,2025-02-23 15:42:15+00:00,en,112202858501840236,Explained: How does Germany’s electoral system work and what changes this year? https://www.byteseu.com/771441/ #election #ElectoralSystem #ExplainerArticle #GermanElection2025 #Germany,explainerarticle,0,0,1,2025-02-23
306,44,114053961413825942,2025-02-23 15:42:15+00:00,en,112202858501840236,Explained: How does Germany’s electoral system work and what changes this year? https://www.byteseu.com/771441/ #election #ElectoralSystem #ExplainerArticle #GermanElection2025 #Germany,germanelection2025,0,0,1,2025-02-23
307,44,114053961413825942,2025-02-23 15:42:15+00:00,en,112202858501840236,Explained: How does Germany’s electoral system work and what changes this year? https://www.byteseu.com/771441/ #election #ElectoralSystem #ExplainerArticle #GermanElection2025 #Germany,germany,0,0,1,2025-02-23
308,45,114053168915705811,2025-02-23 12:20:45+00:00,en,109301634384718592,"When I went to cast my ballot at just after 12, over 26% of voters for my constituency had already voted. Polls are open until 6PM. I'm hoping for high voter turnout.#depol #BTW25 #GermanElection2025",germanelection2025,0,0,2,2025-02-23
309,45,114053168915705811,2025-02-23 12:20:45+00:00,en,109301634384718592,"When I went to cast my ballot at just after 12, over 26% of voters for my constituency had already voted. Polls are open until 6PM. I'm hoping for high voter turnout.#depol #BTW25 #GermanElection2025",BTW25,0,0,2,2025-02-23
310,45,114053168915705811,2025-02-23 12:20:45+00:00,en,109301634384718592,"When I went to cast my ballot at just after 12, over 26% of voters for my constituency had already voted. Polls are open until 6PM. I'm hoping for high voter turnout.#depol #BTW25 #GermanElection2025",depol,0,0,2,2025-02-23
311,46,114052558602465036,2025-02-23 09:45:33+00:00,en,109358482844206315,Geht wählen! Beide Stimmen für #diegruenen #duesseldorf #Bundestagswahl2025 #bundestagswahl #germanelection2025,diegruenen,0,0,1,2025-02-23
312,46,114052558602465036,2025-02-23 09:45:33+00:00,en,109358482844206315,Geht wählen! Beide Stimmen für #diegruenen #duesseldorf #Bundestagswahl2025 #bundestagswahl #germanelection2025,duesseldorf,0,0,1,2025-02-23
313,46,114052558602465036,2025-02-23 09:45:33+00:00,en,109358482844206315,Geht wählen! Beide Stimmen für #diegruenen #duesseldorf #Bundestagswahl2025 #bundestagswahl #germanelection2025,Bundestagswahl2025,0,0,1,2025-02-23
314,46,114052558602465036,2025-02-23 09:45:33+00:00,en,109358482844206315,Geht wählen! Beide Stimmen für #diegruenen #duesseldorf #Bundestagswahl2025 #bundestagswahl #germanelection2025,Bundestagswahl,0,0,1,2025-02-23
315,46,114052558602465036,2025-02-23 09:45:33+00:00,en,109358482844206315,Geht wählen! Beide Stimmen für #diegruenen #duesseldorf #Bundestagswahl2025 #bundestagswahl #germanelection2025,germanelection2025,0,0,1,2025-02-23
316,47,114052551516042936,2025-02-23 09:43:45+00:00,en,109358482844206315,First elections in my life when I feel like a citizen whose voice matters. First elections when I know my voice will not be stolen. #germanelection2025 #duesseldorf,germanelection2025,0,0,1,2025-02-23
317,47,114052551516042936,2025-02-23 09:43:45+00:00,en,109358482844206315,First elections in my life when I feel like a citizen whose voice matters. First elections when I know my voice will not be stolen. #germanelection2025 #duesseldorf,duesseldorf,0,0,1,2025-02-23
318,48,114052484722666346,2025-02-23 09:26:44+00:00,de,110420059885267812,Darum heute wählen gehen!#MerzVerhindern #Merz #MerzDarfNieKanzlerWerden #merzKANNesNICHT #merzkannnichtkanzler #BTW #BTW25 #BTW2025 #Bundestagswahl #CDUverhindern #FCKCDU #FCKAFD #FCKNZS #Wahltag #WählenGehen #Wahlen #Wahlen2025 #Wahl #Wahlkampf #Wahl2025 #Wahlhelfer #Wahlrecht #GermanElection2025 #GermanElection #GermanPolitics,MerzVerhindern,0,0,5,2025-02-23
319,48,114052484722666346,2025-02-23 09:26:44+00:00,de,110420059885267812,Darum heute wählen gehen!#MerzVerhindern #Merz #MerzDarfNieKanzlerWerden #merzKANNesNICHT #merzkannnichtkanzler #BTW #BTW25 #BTW2025 #Bundestagswahl #CDUverhindern #FCKCDU #FCKAFD #FCKNZS #Wahltag #WählenGehen #Wahlen #Wahlen2025 #Wahl #Wahlkampf #Wahl2025 #Wahlhelfer #Wahlrecht #GermanElection2025 #GermanElection #GermanPolitics,merz,0,0,5,2025-02-23
320,48,114052484722666346,2025-02-23 09:26:44+00:00,de,110420059885267812,Darum heute wählen gehen!#MerzVerhindern #Merz #MerzDarfNieKanzlerWerden #merzKANNesNICHT #merzkannnichtkanzler #BTW #BTW25 #BTW2025 #Bundestagswahl #CDUverhindern #FCKCDU #FCKAFD #FCKNZS #Wahltag #WählenGehen #Wahlen #Wahlen2025 #Wahl #Wahlkampf #Wahl2025 #Wahlhelfer #Wahlrecht #GermanElection2025 #GermanElection #GermanPolitics,MerzDarfNieKanzlerWerden,0,0,5,2025-02-23
321,48,114052484722666346,2025-02-23 09:26:44+00:00,de,110420059885267812,Darum heute wählen gehen!#MerzVerhindern #Merz #MerzDarfNieKanzlerWerden #merzKANNesNICHT #merzkannnichtkanzler #BTW #BTW25 #BTW2025 #Bundestagswahl #CDUverhindern #FCKCDU #FCKAFD #FCKNZS #Wahltag #WählenGehen #Wahlen #Wahlen2025 #Wahl #Wahlkampf #Wahl2025 #Wahlhelfer #Wahlrecht #GermanElection2025 #GermanElection #GermanPolitics,merzkannesnicht,0,0,5,2025-02-23
322,48,114052484722666346,2025-02-23 09:26:44+00:00,de,110420059885267812,Darum heute wählen gehen!#MerzVerhindern #Merz #MerzDarfNieKanzlerWerden #merzKANNesNICHT #merzkannnichtkanzler #BTW #BTW25 #BTW2025 #Bundestagswahl #CDUverhindern #FCKCDU #FCKAFD #FCKNZS #Wahltag #WählenGehen #Wahlen #Wahlen2025 #Wahl #Wahlkampf #Wahl2025 #Wahlhelfer #Wahlrecht #GermanElection2025 #GermanElection #GermanPolitics,merzkannnichtkanzler,0,0,5,2025-02-23
323,48,114052484722666346,2025-02-23 09:26:44+00:00,de,110420059885267812,Darum heute wählen gehen!#MerzVerhindern #Merz #MerzDarfNieKanzlerWerden #merzKANNesNICHT #merzkannnichtkanzler #BTW #BTW25 #BTW2025 #Bundestagswahl #CDUverhindern #FCKCDU #FCKAFD #FCKNZS #Wahltag #WählenGehen #Wahlen #Wahlen2025 #Wahl #Wahlkampf #Wahl2025 #Wahlhelfer #Wahlrecht #GermanElection2025 #GermanElection #GermanPolitics,btw,0,0,5,2025-02-23
324,48,114052484722666346,2025-02-23 09:26:44+00:00,de,110420059885267812,Darum heute wählen gehen!#MerzVerhindern #Merz #MerzDarfNieKanzlerWerden #merzKANNesNICHT #merzkannnichtkanzler #BTW #BTW25 #BTW2025 #Bundestagswahl #CDUverhindern #FCKCDU #FCKAFD #FCKNZS #Wahltag #WählenGehen #Wahlen #Wahlen2025 #Wahl #Wahlkampf #Wahl2025 #Wahlhelfer #Wahlrecht #GermanElection2025 #GermanElection #GermanPolitics,BTW25,0,0,5,2025-02-23
325,48,114052484722666346,2025-02-23 09:26:44+00:00,de,110420059885267812,Darum heute wählen gehen!#MerzVerhindern #Merz #MerzDarfNieKanzlerWerden #merzKANNesNICHT #merzkannnichtkanzler #BTW #BTW25 #BTW2025 #Bundestagswahl #CDUverhindern #FCKCDU #FCKAFD #FCKNZS #Wahltag #WählenGehen #Wahlen #Wahlen2025 #Wahl #Wahlkampf #Wahl2025 #Wahlhelfer #Wahlrecht #GermanElection2025 #GermanElection #GermanPolitics,btw2025,0,0,5,2025-02-23
326,48,114052484722666346,2025-02-23 09:26:44+00:00,de,110420059885267812,Darum heute wählen gehen!#MerzVerhindern #Merz #MerzDarfNieKanzlerWerden #merzKANNesNICHT #merzkannnichtkanzler #BTW #BTW25 #BTW2025 #Bundestagswahl #CDUverhindern #FCKCDU #FCKAFD #FCKNZS #Wahltag #WählenGehen #Wahlen #Wahlen2025 #Wahl #Wahlkampf #Wahl2025 #Wahlhelfer #Wahlrecht #GermanElection2025 #GermanElection #GermanPolitics,Bundestagswahl,0,0,5,2025-02-23
327,48,114052484722666346,2025-02-23 09:26:44+00:00,de,110420059885267812,Darum heute wählen gehen!#MerzVerhindern #Merz #MerzDarfNieKanzlerWerden #merzKANNesNICHT #merzkannnichtkanzler #BTW #BTW25 #BTW2025 #Bundestagswahl #CDUverhindern #FCKCDU #FCKAFD #FCKNZS #Wahltag #WählenGehen #Wahlen #Wahlen2025 #Wahl #Wahlkampf #Wahl2025 #Wahlhelfer #Wahlrecht #GermanElection2025 #GermanElection #GermanPolitics,cduverhindern,0,0,5,2025-02-23
328,48,114052484722666346,2025-02-23 09:26:44+00:00,de,110420059885267812,Darum heute wählen gehen!#MerzVerhindern #Merz #MerzDarfNieKanzlerWerden #merzKANNesNICHT #merzkannnichtkanzler #BTW #BTW25 #BTW2025 #Bundestagswahl #CDUverhindern #FCKCDU #FCKAFD #FCKNZS #Wahltag #WählenGehen #Wahlen #Wahlen2025 #Wahl #Wahlkampf #Wahl2025 #Wahlhelfer #Wahlrecht #GermanElection2025 #GermanElection #GermanPolitics,fckcdu,0,0,5,2025-02-23
329,48,114052484722666346,2025-02-23 09:26:44+00:00,de,110420059885267812,Darum heute wählen gehen!#MerzVerhindern #Merz #MerzDarfNieKanzlerWerden #merzKANNesNICHT #merzkannnichtkanzler #BTW #BTW25 #BTW2025 #Bundestagswahl #CDUverhindern #FCKCDU #FCKAFD #FCKNZS #Wahltag #WählenGehen #Wahlen #Wahlen2025 #Wahl #Wahlkampf #Wahl2025 #Wahlhelfer #Wahlrecht #GermanElection2025 #GermanElection #GermanPolitics,fckafd,0,0,5,2025-02-23
330,48,114052484722666346,2025-02-23 09:26:44+00:00,de,110420059885267812,Darum heute wählen gehen!#MerzVerhindern #Merz #MerzDarfNieKanzlerWerden #merzKANNesNICHT #merzkannnichtkanzler #BTW #BTW25 #BTW2025 #Bundestagswahl #CDUverhindern #FCKCDU #FCKAFD #FCKNZS #Wahltag #WählenGehen #Wahlen #Wahlen2025 #Wahl #Wahlkampf #Wahl2025 #Wahlhelfer #Wahlrecht #GermanElection2025 #GermanElection #GermanPolitics,fcknzs,0,0,5,2025-02-23
331,48,114052484722666346,2025-02-23 09:26:44+00:00,de,110420059885267812,Darum heute wählen gehen!#MerzVerhindern #Merz #MerzDarfNieKanzlerWerden #merzKANNesNICHT #merzkannnichtkanzler #BTW #BTW25 #BTW2025 #Bundestagswahl #CDUverhindern #FCKCDU #FCKAFD #FCKNZS #Wahltag #WählenGehen #Wahlen #Wahlen2025 #Wahl #Wahlkampf #Wahl2025 #Wahlhelfer #Wahlrecht #GermanElection2025 #GermanElection #GermanPolitics,wahltag,0,0,5,2025-02-23
332,48,114052484722666346,2025-02-23 09:26:44+00:00,de,110420059885267812,Darum heute wählen gehen!#MerzVerhindern #Merz #MerzDarfNieKanzlerWerden #merzKANNesNICHT #merzkannnichtkanzler #BTW #BTW25 #BTW2025 #Bundestagswahl #CDUverhindern #FCKCDU #FCKAFD #FCKNZS #Wahltag #WählenGehen #Wahlen #Wahlen2025 #Wahl #Wahlkampf #Wahl2025 #Wahlhelfer #Wahlrecht #GermanElection2025 #GermanElection #GermanPolitics,wahlengehen,0,0,5,2025-02-23
333,48,114052484722666346,2025-02-23 09:26:44+00:00,de,110420059885267812,Darum heute wählen gehen!#MerzVerhindern #Merz #MerzDarfNieKanzlerWerden #merzKANNesNICHT #merzkannnichtkanzler #BTW #BTW25 #BTW2025 #Bundestagswahl #CDUverhindern #FCKCDU #FCKAFD #FCKNZS #Wahltag #WählenGehen #Wahlen #Wahlen2025 #Wahl #Wahlkampf #Wahl2025 #Wahlhelfer #Wahlrecht #GermanElection2025 #GermanElection #GermanPolitics,wahlen,0,0,5,2025-02-23
334,48,114052484722666346,2025-02-23 09:26:44+00:00,de,110420059885267812,Darum heute wählen gehen!#MerzVerhindern #Merz #MerzDarfNieKanzlerWerden #merzKANNesNICHT #merzkannnichtkanzler #BTW #BTW25 #BTW2025 #Bundestagswahl #CDUverhindern #FCKCDU #FCKAFD #FCKNZS #Wahltag #WählenGehen #Wahlen #Wahlen2025 #Wahl #Wahlkampf #Wahl2025 #Wahlhelfer #Wahlrecht #GermanElection2025 #GermanElection #GermanPolitics,wahlen2025,0,0,5,2025-02-23
335,48,114052484722666346,2025-02-23 09:26:44+00:00,de,110420059885267812,Darum heute wählen gehen!#MerzVerhindern #Merz #MerzDarfNieKanzlerWerden #merzKANNesNICHT #merzkannnichtkanzler #BTW #BTW25 #BTW2025 #Bundestagswahl #CDUverhindern #FCKCDU #FCKAFD #FCKNZS #Wahltag #WählenGehen #Wahlen #Wahlen2025 #Wahl #Wahlkampf #Wahl2025 #Wahlhelfer #Wahlrecht #GermanElection2025 #GermanElection #GermanPolitics,wahl,0,0,5,2025-02-23
336,48,114052484722666346,2025-02-23 09:26:44+00:00,de,110420059885267812,Darum heute wählen gehen!#MerzVerhindern #Merz #MerzDarfNieKanzlerWerden #merzKANNesNICHT #merzkannnichtkanzler #BTW #BTW25 #BTW2025 #Bundestagswahl #CDUverhindern #FCKCDU #FCKAFD #FCKNZS #Wahltag #WählenGehen #Wahlen #Wahlen2025 #Wahl #Wahlkampf #Wahl2025 #Wahlhelfer #Wahlrecht #GermanElection2025 #GermanElection #GermanPolitics,wahlkampf,0,0,5,2025-02-23
337,48,114052484722666346,2025-02-23 09:26:44+00:00,de,110420059885267812,Darum heute wählen gehen!#MerzVerhindern #Merz #MerzDarfNieKanzlerWerden #merzKANNesNICHT #merzkannnichtkanzler #BTW #BTW25 #BTW2025 #Bundestagswahl #CDUverhindern #FCKCDU #FCKAFD #FCKNZS #Wahltag #WählenGehen #Wahlen #Wahlen2025 #Wahl #Wahlkampf #Wahl2025 #Wahlhelfer #Wahlrecht #GermanElection2025 #GermanElection #GermanPolitics,wahl2025,0,0,5,2025-02-23
338,48,114052484722666346,2025-02-23 09:26:44+00:00,de,110420059885267812,Darum heute wählen gehen!#MerzVerhindern #Merz #MerzDarfNieKanzlerWerden #merzKANNesNICHT #merzkannnichtkanzler #BTW #BTW25 #BTW2025 #Bundestagswahl #CDUverhindern #FCKCDU #FCKAFD #FCKNZS #Wahltag #WählenGehen #Wahlen #Wahlen2025 #Wahl #Wahlkampf #Wahl2025 #Wahlhelfer #Wahlrecht #GermanElection2025 #GermanElection #GermanPolitics,wahlhelfer,0,0,5,2025-02-23
339,48,114052484722666346,2025-02-23 09:26:44+00:00,de,110420059885267812,Darum heute wählen gehen!#MerzVerhindern #Merz #MerzDarfNieKanzlerWerden #merzKANNesNICHT #merzkannnichtkanzler #BTW #BTW25 #BTW2025 #Bundestagswahl #CDUverhindern #FCKCDU #FCKAFD #FCKNZS #Wahltag #WählenGehen #Wahlen #Wahlen2025 #Wahl #Wahlkampf #Wahl2025 #Wahlhelfer #Wahlrecht #GermanElection2025 #GermanElection #GermanPolitics,Wahlrecht,0,0,5,2025-02-23
340,48,114052484722666346,2025-02-23 09:26:44+00:00,de,110420059885267812,Darum heute wählen gehen!#MerzVerhindern #Merz #MerzDarfNieKanzlerWerden #merzKANNesNICHT #merzkannnichtkanzler #BTW #BTW25 #BTW2025 #Bundestagswahl #CDUverhindern #FCKCDU #FCKAFD #FCKNZS #Wahltag #WählenGehen #Wahlen #Wahlen2025 #Wahl #Wahlkampf #Wahl2025 #Wahlhelfer #Wahlrecht #GermanElection2025 #GermanElection #GermanPolitics,germanelection2025,0,0,5,2025-02-23
341,48,114052484722666346,2025-02-23 09:26:44+00:00,de,110420059885267812,Darum heute wählen gehen!#MerzVerhindern #Merz #MerzDarfNieKanzlerWerden #merzKANNesNICHT #merzkannnichtkanzler #BTW #BTW25 #BTW2025 #Bundestagswahl #CDUverhindern #FCKCDU #FCKAFD #FCKNZS #Wahltag #WählenGehen #Wahlen #Wahlen2025 #Wahl #Wahlkampf #Wahl2025 #Wahlhelfer #Wahlrecht #GermanElection2025 #GermanElection #GermanPolitics,germanelection,0,0,5,2025-02-23
342,48,114052484722666346,2025-02-23 09:26:44+00:00,de,110420059885267812,Darum heute wählen gehen!#MerzVerhindern #Merz #MerzDarfNieKanzlerWerden #merzKANNesNICHT #merzkannnichtkanzler #BTW #BTW25 #BTW2025 #Bundestagswahl #CDUverhindern #FCKCDU #FCKAFD #FCKNZS #Wahltag #WählenGehen #Wahlen #Wahlen2025 #Wahl #Wahlkampf #Wahl2025 #Wahlhelfer #Wahlrecht #GermanElection2025 #GermanElection #GermanPolitics,germanpolitics,0,0,5,2025-02-23
343,49,114052363069443752,2025-02-23 08:55:49+00:00,en,108205427299564310,🤞🤞🤞 for Germany today. #GermanElection2025,germanelection2025,2,0,0,2025-02-23
344,50,114052034233465478,2025-02-23 07:32:06+00:00,en,112202858501840236,Will the far-right AfD break through the firewall and take power? – POLITICO https://www.byteseu.com/770398/ #AliceWeidel #AngelaMerkel #Austria #Borders #ColdWar #Crisis #Defense #Democracy #DemocraticParty #DonaldTrump #Elections #ElonMusk #EuropeanPolitics #extremism #FarRight #FriedrichMerz #GermanElection2025 #GermanPolitics #Germany #history #Immigration #JdVance #Migration #Military #OlafScholz #Opinion #Parliament #Platforms #Policy #PoliticalEconomy #Rights #Stability #UnitedStates #War,aliceweidel,0,0,4,2025-02-23
345,50,114052034233465478,2025-02-23 07:32:06+00:00,en,112202858501840236,Will the far-right AfD break through the firewall and take power? – POLITICO https://www.byteseu.com/770398/ #AliceWeidel #AngelaMerkel #Austria #Borders #ColdWar #Crisis #Defense #Democracy #DemocraticParty #DonaldTrump #Elections #ElonMusk #EuropeanPolitics #extremism #FarRight #FriedrichMerz #GermanElection2025 #GermanPolitics #Germany #history #Immigration #JdVance #Migration #Military #OlafScholz #Opinion #Parliament #Platforms #Policy #PoliticalEconomy #Rights #Stability #UnitedStates #War,angelamerkel,0,0,4,2025-02-23
346,50,114052034233465478,2025-02-23 07:32:06+00:00,en,112202858501840236,Will the far-right AfD break through the firewall and take power? – POLITICO https://www.byteseu.com/770398/ #AliceWeidel #AngelaMerkel #Austria #Borders #ColdWar #Crisis #Defense #Democracy #DemocraticParty #DonaldTrump #Elections #ElonMusk #EuropeanPolitics #extremism #FarRight #FriedrichMerz #GermanElection2025 #GermanPolitics #Germany #history #Immigration #JdVance #Migration #Military #OlafScholz #Opinion #Parliament #Platforms #Policy #PoliticalEconomy #Rights #Stability #UnitedStates #War,austria,0,0,4,2025-02-23
347,50,114052034233465478,2025-02-23 07:32:06+00:00,en,112202858501840236,Will the far-right AfD break through the firewall and take power? – POLITICO https://www.byteseu.com/770398/ #AliceWeidel #AngelaMerkel #Austria #Borders #ColdWar #Crisis #Defense #Democracy #DemocraticParty #DonaldTrump #Elections #ElonMusk #EuropeanPolitics #extremism #FarRight #FriedrichMerz #GermanElection2025 #GermanPolitics #Germany #history #Immigration #JdVance #Migration #Military #OlafScholz #Opinion #Parliament #Platforms #Policy #PoliticalEconomy #Rights #Stability #UnitedStates #War,borders,0,0,4,2025-02-23
348,50,114052034233465478,2025-02-23 07:32:06+00:00,en,112202858501840236,Will the far-right AfD break through the firewall and take power? – POLITICO https://www.byteseu.com/770398/ #AliceWeidel #AngelaMerkel #Austria #Borders #ColdWar #Crisis #Defense #Democracy #DemocraticParty #DonaldTrump #Elections #ElonMusk #EuropeanPolitics #extremism #FarRight #FriedrichMerz #GermanElection2025 #GermanPolitics #Germany #history #Immigration #JdVance #Migration #Military #OlafScholz #Opinion #Parliament #Platforms #Policy #PoliticalEconomy #Rights #Stability #UnitedStates #War,coldwar,0,0,4,2025-02-23
349,50,114052034233465478,2025-02-23 07:32:06+00:00,en,112202858501840236,Will the far-right AfD break through the firewall and take power? – POLITICO https://www.byteseu.com/770398/ #AliceWeidel #AngelaMerkel #Austria #Borders #ColdWar #Crisis #Defense #Democracy #DemocraticParty #DonaldTrump #Elections #ElonMusk #EuropeanPolitics #extremism #FarRight #FriedrichMerz #GermanElection2025 #GermanPolitics #Germany #history #Immigration #JdVance #Migration #Military #OlafScholz #Opinion #Parliament #Platforms #Policy #PoliticalEconomy #Rights #Stability #UnitedStates #War,crisis,0,0,4,2025-02-23
350,50,114052034233465478,2025-02-23 07:32:06+00:00,en,112202858501840236,Will the far-right AfD break through the firewall and take power? – POLITICO https://www.byteseu.com/770398/ #AliceWeidel #AngelaMerkel #Austria #Borders #ColdWar #Crisis #Defense #Democracy #DemocraticParty #DonaldTrump #Elections #ElonMusk #EuropeanPolitics #extremism #FarRight #FriedrichMerz #GermanElection2025 #GermanPolitics #Germany #history #Immigration #JdVance #Migration #Military #OlafScholz #Opinion #Parliament #Platforms #Policy #PoliticalEconomy #Rights #Stability #UnitedStates #War,defense,0,0,4,2025-02-23
351,50,114052034233465478,2025-02-23 07:32:06+00:00,en,112202858501840236,Will the far-right AfD break through the firewall and take power? – POLITICO https://www.byteseu.com/770398/ #AliceWeidel #AngelaMerkel #Austria #Borders #ColdWar #Crisis #Defense #Democracy #DemocraticParty #DonaldTrump #Elections #ElonMusk #EuropeanPolitics #extremism #FarRight #FriedrichMerz #GermanElection2025 #GermanPolitics #Germany #history #Immigration #JdVance #Migration #Military #OlafScholz #Opinion #Parliament #Platforms #Policy #PoliticalEconomy #Rights #Stability #UnitedStates #War,democracy,0,0,4,2025-02-23
352,50,114052034233465478,2025-02-23 07:32:06+00:00,en,112202858501840236,Will the far-right AfD break through the firewall and take power? – POLITICO https://www.byteseu.com/770398/ #AliceWeidel #AngelaMerkel #Austria #Borders #ColdWar #Crisis #Defense #Democracy #DemocraticParty #DonaldTrump #Elections #ElonMusk #EuropeanPolitics #extremism #FarRight #FriedrichMerz #GermanElection2025 #GermanPolitics #Germany #history #Immigration #JdVance #Migration #Military #OlafScholz #Opinion #Parliament #Platforms #Policy #PoliticalEconomy #Rights #Stability #UnitedStates #War,democraticparty,0,0,4,2025-02-23
353,50,114052034233465478,2025-02-23 07:32:06+00:00,en,112202858501840236,Will the far-right AfD break through the firewall and take power? – POLITICO https://www.byteseu.com/770398/ #AliceWeidel #AngelaMerkel #Austria #Borders #ColdWar #Crisis #Defense #Democracy #DemocraticParty #DonaldTrump #Elections #ElonMusk #EuropeanPolitics #extremism #FarRight #FriedrichMerz #GermanElection2025 #GermanPolitics #Germany #history #Immigration #JdVance #Migration #Military #OlafScholz #Opinion #Parliament #Platforms #Policy #PoliticalEconomy #Rights #Stability #UnitedStates #War,donaldtrump,0,0,4,2025-02-23
354,50,114052034233465478,2025-02-23 07:32:06+00:00,en,112202858501840236,Will the far-right AfD break through the firewall and take power? – POLITICO https://www.byteseu.com/770398/ #AliceWeidel #AngelaMerkel #Austria #Borders #ColdWar #Crisis #Defense #Democracy #DemocraticParty #DonaldTrump #Elections #ElonMusk #EuropeanPolitics #extremism #FarRight #FriedrichMerz #GermanElection2025 #GermanPolitics #Germany #history #Immigration #JdVance #Migration #Military #OlafScholz #Opinion #Parliament #Platforms #Policy #PoliticalEconomy #Rights #Stability #UnitedStates #War,elections,0,0,4,2025-02-23
355,50,114052034233465478,2025-02-23 07:32:06+00:00,en,112202858501840236,Will the far-right AfD break through the firewall and take power? – POLITICO https://www.byteseu.com/770398/ #AliceWeidel #AngelaMerkel #Austria #Borders #ColdWar #Crisis #Defense #Democracy #DemocraticParty #DonaldTrump #Elections #ElonMusk #EuropeanPolitics #extremism #FarRight #FriedrichMerz #GermanElection2025 #GermanPolitics #Germany #history #Immigration #JdVance #Migration #Military #OlafScholz #Opinion #Parliament #Platforms #Policy #PoliticalEconomy #Rights #Stability #UnitedStates #War,ElonMusk,0,0,4,2025-02-23
356,50,114052034233465478,2025-02-23 07:32:06+00:00,en,112202858501840236,Will the far-right AfD break through the firewall and take power? – POLITICO https://www.byteseu.com/770398/ #AliceWeidel #AngelaMerkel #Austria #Borders #ColdWar #Crisis #Defense #Democracy #DemocraticParty #DonaldTrump #Elections #ElonMusk #EuropeanPolitics #extremism #FarRight #FriedrichMerz #GermanElection2025 #GermanPolitics #Germany #history #Immigration #JdVance #Migration #Military #OlafScholz #Opinion #Parliament #Platforms #Policy #PoliticalEconomy #Rights #Stability #UnitedStates #War,europeanpolitics,0,0,4,2025-02-23
357,50,114052034233465478,2025-02-23 07:32:06+00:00,en,112202858501840236,Will the far-right AfD break through the firewall and take power? – POLITICO https://www.byteseu.com/770398/ #AliceWeidel #AngelaMerkel #Austria #Borders #ColdWar #Crisis #Defense #Democracy #DemocraticParty #DonaldTrump #Elections #ElonMusk #EuropeanPolitics #extremism #FarRight #FriedrichMerz #GermanElection2025 #GermanPolitics #Germany #history #Immigration #JdVance #Migration #Military #OlafScholz #Opinion #Parliament #Platforms #Policy #PoliticalEconomy #Rights #Stability #UnitedStates #War,extremism,0,0,4,2025-02-23
358,50,114052034233465478,2025-02-23 07:32:06+00:00,en,112202858501840236,Will the far-right AfD break through the firewall and take power? – POLITICO https://www.byteseu.com/770398/ #AliceWeidel #AngelaMerkel #Austria #Borders #ColdWar #Crisis #Defense #Democracy #DemocraticParty #DonaldTrump #Elections #ElonMusk #EuropeanPolitics #extremism #FarRight #FriedrichMerz #GermanElection2025 #GermanPolitics #Germany #history #Immigration #JdVance #Migration #Military #OlafScholz #Opinion #Parliament #Platforms #Policy #PoliticalEconomy #Rights #Stability #UnitedStates #War,farright,0,0,4,2025-02-23
359,50,114052034233465478,2025-02-23 07:32:06+00:00,en,112202858501840236,Will the far-right AfD break through the firewall and take power? – POLITICO https://www.byteseu.com/770398/ #AliceWeidel #AngelaMerkel #Austria #Borders #ColdWar #Crisis #Defense #Democracy #DemocraticParty #DonaldTrump #Elections #ElonMusk #EuropeanPolitics #extremism #FarRight #FriedrichMerz #GermanElection2025 #GermanPolitics #Germany #history #Immigration #JdVance #Migration #Military #OlafScholz #Opinion #Parliament #Platforms #Policy #PoliticalEconomy #Rights #Stability #UnitedStates #War,friedrichmerz,0,0,4,2025-02-23
360,50,114052034233465478,2025-02-23 07:32:06+00:00,en,112202858501840236,Will the far-right AfD break through the firewall and take power? – POLITICO https://www.byteseu.com/770398/ #AliceWeidel #AngelaMerkel #Austria #Borders #ColdWar #Crisis #Defense #Democracy #DemocraticParty #DonaldTrump #Elections #ElonMusk #EuropeanPolitics #extremism #FarRight #FriedrichMerz #GermanElection2025 #GermanPolitics #Germany #history #Immigration #JdVance #Migration #Military #OlafScholz #Opinion #Parliament #Platforms #Policy #PoliticalEconomy #Rights #Stability #UnitedStates #War,germanelection2025,0,0,4,2025-02-23
361,50,114052034233465478,2025-02-23 07:32:06+00:00,en,112202858501840236,Will the far-right AfD break through the firewall and take power? – POLITICO https://www.byteseu.com/770398/ #AliceWeidel #AngelaMerkel #Austria #Borders #ColdWar #Crisis #Defense #Democracy #DemocraticParty #DonaldTrump #Elections #ElonMusk #EuropeanPolitics #extremism #FarRight #FriedrichMerz #GermanElection2025 #GermanPolitics #Germany #history #Immigration #JdVance #Migration #Military #OlafScholz #Opinion #Parliament #Platforms #Policy #PoliticalEconomy #Rights #Stability #UnitedStates #War,germanpolitics,0,0,4,2025-02-23
362,50,114052034233465478,2025-02-23 07:32:06+00:00,en,112202858501840236,Will the far-right AfD break through the firewall and take power? – POLITICO https://www.byteseu.com/770398/ #AliceWeidel #AngelaMerkel #Austria #Borders #ColdWar #Crisis #Defense #Democracy #DemocraticParty #DonaldTrump #Elections #ElonMusk #EuropeanPolitics #extremism #FarRight #FriedrichMerz #GermanElection2025 #GermanPolitics #Germany #history #Immigration #JdVance #Migration #Military #OlafScholz #Opinion #Parliament #Platforms #Policy #PoliticalEconomy #Rights #Stability #UnitedStates #War,germany,0,0,4,2025-02-23
363,50,114052034233465478,2025-02-23 07:32:06+00:00,en,112202858501840236,Will the far-right AfD break through the firewall and take power? – POLITICO https://www.byteseu.com/770398/ #AliceWeidel #AngelaMerkel #Austria #Borders #ColdWar #Crisis #Defense #Democracy #DemocraticParty #DonaldTrump #Elections #ElonMusk #EuropeanPolitics #extremism #FarRight #FriedrichMerz #GermanElection2025 #GermanPolitics #Germany #history #Immigration #JdVance #Migration #Military #OlafScholz #Opinion #Parliament #Platforms #Policy #PoliticalEconomy #Rights #Stability #UnitedStates #War,history,0,0,4,2025-02-23
364,50,114052034233465478,2025-02-23 07:32:06+00:00,en,112202858501840236,Will the far-right AfD break through the firewall and take power? – POLITICO https://www.byteseu.com/770398/ #AliceWeidel #AngelaMerkel #Austria #Borders #ColdWar #Crisis #Defense #Democracy #DemocraticParty #DonaldTrump #Elections #ElonMusk #EuropeanPolitics #extremism #FarRight #FriedrichMerz #GermanElection2025 #GermanPolitics #Germany #history #Immigration #JdVance #Migration #Military #OlafScholz #Opinion #Parliament #Platforms #Policy #PoliticalEconomy #Rights #Stability #UnitedStates #War,immigration,0,0,4,2025-02-23
365,50,114052034233465478,2025-02-23 07:32:06+00:00,en,112202858501840236,Will the far-right AfD break through the firewall and take power? – POLITICO https://www.byteseu.com/770398/ #AliceWeidel #AngelaMerkel #Austria #Borders #ColdWar #Crisis #Defense #Democracy #DemocraticParty #DonaldTrump #Elections #ElonMusk #EuropeanPolitics #extremism #FarRight #FriedrichMerz #GermanElection2025 #GermanPolitics #Germany #history #Immigration #JdVance #Migration #Military #OlafScholz #Opinion #Parliament #Platforms #Policy #PoliticalEconomy #Rights #Stability #UnitedStates #War,jdvance,0,0,4,2025-02-23
366,50,114052034233465478,2025-02-23 07:32:06+00:00,en,112202858501840236,Will the far-right AfD break through the firewall and take power? – POLITICO https://www.byteseu.com/770398/ #AliceWeidel #AngelaMerkel #Austria #Borders #ColdWar #Crisis #Defense #Democracy #DemocraticParty #DonaldTrump #Elections #ElonMusk #EuropeanPolitics #extremism #FarRight #FriedrichMerz #GermanElection2025 #GermanPolitics #Germany #history #Immigration #JdVance #Migration #Military #OlafScholz #Opinion #Parliament #Platforms #Policy #PoliticalEconomy #Rights #Stability #UnitedStates #War,migration,0,0,4,2025-02-23
367,50,114052034233465478,2025-02-23 07:32:06+00:00,en,112202858501840236,Will the far-right AfD break through the firewall and take power? – POLITICO https://www.byteseu.com/770398/ #AliceWeidel #AngelaMerkel #Austria #Borders #ColdWar #Crisis #Defense #Democracy #DemocraticParty #DonaldTrump #Elections #ElonMusk #EuropeanPolitics #extremism #FarRight #FriedrichMerz #GermanElection2025 #GermanPolitics #Germany #history #Immigration #JdVance #Migration #Military #OlafScholz #Opinion #Parliament #Platforms #Policy #PoliticalEconomy #Rights #Stability #UnitedStates #War,military,0,0,4,2025-02-23
368,50,114052034233465478,2025-02-23 07:32:06+00:00,en,112202858501840236,Will the far-right AfD break through the firewall and take power? – POLITICO https://www.byteseu.com/770398/ #AliceWeidel #AngelaMerkel #Austria #Borders #ColdWar #Crisis #Defense #Democracy #DemocraticParty #DonaldTrump #Elections #ElonMusk #EuropeanPolitics #extremism #FarRight #FriedrichMerz #GermanElection2025 #GermanPolitics #Germany #history #Immigration #JdVance #Migration #Military #OlafScholz #Opinion #Parliament #Platforms #Policy #PoliticalEconomy #Rights #Stability #UnitedStates #War,olafscholz,0,0,4,2025-02-23
369,50,114052034233465478,2025-02-23 07:32:06+00:00,en,112202858501840236,Will the far-right AfD break through the firewall and take power? – POLITICO https://www.byteseu.com/770398/ #AliceWeidel #AngelaMerkel #Austria #Borders #ColdWar #Crisis #Defense #Democracy #DemocraticParty #DonaldTrump #Elections #ElonMusk #EuropeanPolitics #extremism #FarRight #FriedrichMerz #GermanElection2025 #GermanPolitics #Germany #history #Immigration #JdVance #Migration #Military #OlafScholz #Opinion #Parliament #Platforms #Policy #PoliticalEconomy #Rights #Stability #UnitedStates #War,opinion,0,0,4,2025-02-23
370,50,114052034233465478,2025-02-23 07:32:06+00:00,en,112202858501840236,Will the far-right AfD break through the firewall and take power? – POLITICO https://www.byteseu.com/770398/ #AliceWeidel #AngelaMerkel #Austria #Borders #ColdWar #Crisis #Defense #Democracy #DemocraticParty #DonaldTrump #Elections #ElonMusk #EuropeanPolitics #extremism #FarRight #FriedrichMerz #GermanElection2025 #GermanPolitics #Germany #history #Immigration #JdVance #Migration #Military #OlafScholz #Opinion #Parliament #Platforms #Policy #PoliticalEconomy #Rights #Stability #UnitedStates #War,parliament,0,0,4,2025-02-23
371,50,114052034233465478,2025-02-23 07:32:06+00:00,en,112202858501840236,Will the far-right AfD break through the firewall and take power? – POLITICO https://www.byteseu.com/770398/ #AliceWeidel #AngelaMerkel #Austria #Borders #ColdWar #Crisis #Defense #Democracy #DemocraticParty #DonaldTrump #Elections #ElonMusk #EuropeanPolitics #extremism #FarRight #FriedrichMerz #GermanElection2025 #GermanPolitics #Germany #history #Immigration #JdVance #Migration #Military #OlafScholz #Opinion #Parliament #Platforms #Policy #PoliticalEconomy #Rights #Stability #UnitedStates #War,platforms,0,0,4,2025-02-23
372,50,114052034233465478,2025-02-23 07:32:06+00:00,en,112202858501840236,Will the far-right AfD break through the firewall and take power? – POLITICO https://www.byteseu.com/770398/ #AliceWeidel #AngelaMerkel #Austria #Borders #ColdWar #Crisis #Defense #Democracy #DemocraticParty #DonaldTrump #Elections #ElonMusk #EuropeanPolitics #extremism #FarRight #FriedrichMerz #GermanElection2025 #GermanPolitics #Germany #history #Immigration #JdVance #Migration #Military #OlafScholz #Opinion #Parliament #Platforms #Policy #PoliticalEconomy #Rights #Stability #UnitedStates #War,policy,0,0,4,2025-02-23
373,50,114052034233465478,2025-02-23 07:32:06+00:00,en,112202858501840236,Will the far-right AfD break through the firewall and take power? – POLITICO https://www.byteseu.com/770398/ #AliceWeidel #AngelaMerkel #Austria #Borders #ColdWar #Crisis #Defense #Democracy #DemocraticParty #DonaldTrump #Elections #ElonMusk #EuropeanPolitics #extremism #FarRight #FriedrichMerz #GermanElection2025 #GermanPolitics #Germany #history #Immigration #JdVance #Migration #Military #OlafScholz #Opinion #Parliament #Platforms #Policy #PoliticalEconomy #Rights #Stability #UnitedStates #War,politicaleconomy,0,0,4,2025-02-23
374,50,114052034233465478,2025-02-23 07:32:06+00:00,en,112202858501840236,Will the far-right AfD break through the firewall and take power? – POLITICO https://www.byteseu.com/770398/ #AliceWeidel #AngelaMerkel #Austria #Borders #ColdWar #Crisis #Defense #Democracy #DemocraticParty #DonaldTrump #Elections #ElonMusk #EuropeanPolitics #extremism #FarRight #FriedrichMerz #GermanElection2025 #GermanPolitics #Germany #history #Immigration #JdVance #Migration #Military #OlafScholz #Opinion #Parliament #Platforms #Policy #PoliticalEconomy #Rights #Stability #UnitedStates #War,rights,0,0,4,2025-02-23
375,50,114052034233465478,2025-02-23 07:32:06+00:00,en,112202858501840236,Will the far-right AfD break through the firewall and take power? – POLITICO https://www.byteseu.com/770398/ #AliceWeidel #AngelaMerkel #Austria #Borders #ColdWar #Crisis #Defense #Democracy #DemocraticParty #DonaldTrump #Elections #ElonMusk #EuropeanPolitics #extremism #FarRight #FriedrichMerz #GermanElection2025 #GermanPolitics #Germany #history #Immigration #JdVance #Migration #Military #OlafScholz #Opinion #Parliament #Platforms #Policy #PoliticalEconomy #Rights #Stability #UnitedStates #War,stability,0,0,4,2025-02-23
376,50,114052034233465478,2025-02-23 07:32:06+00:00,en,112202858501840236,Will the far-right AfD break through the firewall and take power? – POLITICO https://www.byteseu.com/770398/ #AliceWeidel #AngelaMerkel #Austria #Borders #ColdWar #Crisis #Defense #Democracy #DemocraticParty #DonaldTrump #Elections #ElonMusk #EuropeanPolitics #extremism #FarRight #FriedrichMerz #GermanElection2025 #GermanPolitics #Germany #history #Immigration #JdVance #Migration #Military #OlafScholz #Opinion #Parliament #Platforms #Policy #PoliticalEconomy #Rights #Stability #UnitedStates #War,unitedstates,0,0,4,2025-02-23
377,50,114052034233465478,2025-02-23 07:32:06+00:00,en,112202858501840236,Will the far-right AfD break through the firewall and take power? – POLITICO https://www.byteseu.com/770398/ #AliceWeidel #AngelaMerkel #Austria #Borders #ColdWar #Crisis #Defense #Democracy #DemocraticParty #DonaldTrump #Elections #ElonMusk #EuropeanPolitics #extremism #FarRight #FriedrichMerz #GermanElection2025 #GermanPolitics #Germany #history #Immigration #JdVance #Migration #Military #OlafScholz #Opinion #Parliament #Platforms #Policy #PoliticalEconomy #Rights #Stability #UnitedStates #War,war,0,0,4,2025-02-23
380,52,114050699493828491,2025-02-23 01:52:45+00:00,en,109287612414981123,"When deciding whom to vote* for during the German elections, I stumbled upon interviews with local candidates and people on the streets by the regional public broadcaster. Utterly depressing. AfD (far right) candidate: “The people aren’t being listed to!”Voter: “The AfD cares about the people’s concerns!” Voter2: “They don’t share my values, I will not vote for them”.That was it. Yes, it was that general. No actual insight into what those concerns are (and how the parties aim to solve them). No context, no mention of the AfD’s distaste for democracy and desire to revoke constitutional rights. Each party got the same superficial treatment in that broadcast - fair, yes, and utterly in denial of the risk that comes from normalising the AfD.*We get two votes, which both shape the parliament: a first-past-the-post vote for a representative from our district and a proportional vote. I live abroad, but still get assigned to a district - so I had to do some research on the local candidates.#germanelection2025 #bundestagswahl",germanelection2025,0,0,1,2025-02-23
381,52,114050699493828491,2025-02-23 01:52:45+00:00,en,109287612414981123,"When deciding whom to vote* for during the German elections, I stumbled upon interviews with local candidates and people on the streets by the regional public broadcaster. Utterly depressing. AfD (far right) candidate: “The people aren’t being listed to!”Voter: “The AfD cares about the people’s concerns!” Voter2: “They don’t share my values, I will not vote for them”.That was it. Yes, it was that general. No actual insight into what those concerns are (and how the parties aim to solve them). No context, no mention of the AfD’s distaste for democracy and desire to revoke constitutional rights. Each party got the same superficial treatment in that broadcast - fair, yes, and utterly in denial of the risk that comes from normalising the AfD.*We get two votes, which both shape the parliament: a first-past-the-post vote for a representative from our district and a proportional vote. I live abroad, but still get assigned to a district - so I had to do some research on the local candidates.#germanelection2025 #bundestagswahl",Bundestagswahl,0,0,1,2025-02-23
386,54,114048546725828645,2025-02-22 16:45:06+00:00,en,112202858501840236,"Europe should brace for Trump to end NATO protection, Germany’s Merz warns – POLITICO https://www.byteseu.com/768545/ #Defense #DonaldTrump #Elections #Europe #ForeignPolicy #FriedrichMerz #GermanElection2025 #GermanPolitics #Germany #Military #NATO #Security #U.S.ForeignPolicy #Ukraine #UnitedStates #VolodymyrZelenskyy #War #WarInUkraine",defense,1,0,3,2025-02-22
387,54,114048546725828645,2025-02-22 16:45:06+00:00,en,112202858501840236,"Europe should brace for Trump to end NATO protection, Germany’s Merz warns – POLITICO https://www.byteseu.com/768545/ #Defense #DonaldTrump #Elections #Europe #ForeignPolicy #FriedrichMerz #GermanElection2025 #GermanPolitics #Germany #Military #NATO #Security #U.S.ForeignPolicy #Ukraine #UnitedStates #VolodymyrZelenskyy #War #WarInUkraine",donaldtrump,1,0,3,2025-02-22
388,54,114048546725828645,2025-02-22 16:45:06+00:00,en,112202858501840236,"Europe should brace for Trump to end NATO protection, Germany’s Merz warns – POLITICO https://www.byteseu.com/768545/ #Defense #DonaldTrump #Elections #Europe #ForeignPolicy #FriedrichMerz #GermanElection2025 #GermanPolitics #Germany #Military #NATO #Security #U.S.ForeignPolicy #Ukraine #UnitedStates #VolodymyrZelenskyy #War #WarInUkraine",elections,1,0,3,2025-02-22
389,54,114048546725828645,2025-02-22 16:45:06+00:00,en,112202858501840236,"Europe should brace for Trump to end NATO protection, Germany’s Merz warns – POLITICO https://www.byteseu.com/768545/ #Defense #DonaldTrump #Elections #Europe #ForeignPolicy #FriedrichMerz #GermanElection2025 #GermanPolitics #Germany #Military #NATO #Security #U.S.ForeignPolicy #Ukraine #UnitedStates #VolodymyrZelenskyy #War #WarInUkraine",europe,1,0,3,2025-02-22
390,54,114048546725828645,2025-02-22 16:45:06+00:00,en,112202858501840236,"Europe should brace for Trump to end NATO protection, Germany’s Merz warns – POLITICO https://www.byteseu.com/768545/ #Defense #DonaldTrump #Elections #Europe #ForeignPolicy #FriedrichMerz #GermanElection2025 #GermanPolitics #Germany #Military #NATO #Security #U.S.ForeignPolicy #Ukraine #UnitedStates #VolodymyrZelenskyy #War #WarInUkraine",foreignpolicy,1,0,3,2025-02-22
391,54,114048546725828645,2025-02-22 16:45:06+00:00,en,112202858501840236,"Europe should brace for Trump to end NATO protection, Germany’s Merz warns – POLITICO https://www.byteseu.com/768545/ #Defense #DonaldTrump #Elections #Europe #ForeignPolicy #FriedrichMerz #GermanElection2025 #GermanPolitics #Germany #Military #NATO #Security #U.S.ForeignPolicy #Ukraine #UnitedStates #VolodymyrZelenskyy #War #WarInUkraine",friedrichmerz,1,0,3,2025-02-22
392,54,114048546725828645,2025-02-22 16:45:06+00:00,en,112202858501840236,"Europe should brace for Trump to end NATO protection, Germany’s Merz warns – POLITICO https://www.byteseu.com/768545/ #Defense #DonaldTrump #Elections #Europe #ForeignPolicy #FriedrichMerz #GermanElection2025 #GermanPolitics #Germany #Military #NATO #Security #U.S.ForeignPolicy #Ukraine #UnitedStates #VolodymyrZelenskyy #War #WarInUkraine",germanelection2025,1,0,3,2025-02-22
393,54,114048546725828645,2025-02-22 16:45:06+00:00,en,112202858501840236,"Europe should brace for Trump to end NATO protection, Germany’s Merz warns – POLITICO https://www.byteseu.com/768545/ #Defense #DonaldTrump #Elections #Europe #ForeignPolicy #FriedrichMerz #GermanElection2025 #GermanPolitics #Germany #Military #NATO #Security #U.S.ForeignPolicy #Ukraine #UnitedStates #VolodymyrZelenskyy #War #WarInUkraine",germanpolitics,1,0,3,2025-02-22
394,54,114048546725828645,2025-02-22 16:45:06+00:00,en,112202858501840236,"Europe should brace for Trump to end NATO protection, Germany’s Merz warns – POLITICO https://www.byteseu.com/768545/ #Defense #DonaldTrump #Elections #Europe #ForeignPolicy #FriedrichMerz #GermanElection2025 #GermanPolitics #Germany #Military #NATO #Security #U.S.ForeignPolicy #Ukraine #UnitedStates #VolodymyrZelenskyy #War #WarInUkraine",germany,1,0,3,2025-02-22
395,54,114048546725828645,2025-02-22 16:45:06+00:00,en,112202858501840236,"Europe should brace for Trump to end NATO protection, Germany’s Merz warns – POLITICO https://www.byteseu.com/768545/ #Defense #DonaldTrump #Elections #Europe #ForeignPolicy #FriedrichMerz #GermanElection2025 #GermanPolitics #Germany #Military #NATO #Security #U.S.ForeignPolicy #Ukraine #UnitedStates #VolodymyrZelenskyy #War #WarInUkraine",military,1,0,3,2025-02-22
396,54,114048546725828645,2025-02-22 16:45:06+00:00,en,112202858501840236,"Europe should brace for Trump to end NATO protection, Germany’s Merz warns – POLITICO https://www.byteseu.com/768545/ #Defense #DonaldTrump #Elections #Europe #ForeignPolicy #FriedrichMerz #GermanElection2025 #GermanPolitics #Germany #Military #NATO #Security #U.S.ForeignPolicy #Ukraine #UnitedStates #VolodymyrZelenskyy #War #WarInUkraine",NATO,1,0,3,2025-02-22
397,54,114048546725828645,2025-02-22 16:45:06+00:00,en,112202858501840236,"Europe should brace for Trump to end NATO protection, Germany’s Merz warns – POLITICO https://www.byteseu.com/768545/ #Defense #DonaldTrump #Elections #Europe #ForeignPolicy #FriedrichMerz #GermanElection2025 #GermanPolitics #Germany #Military #NATO #Security #U.S.ForeignPolicy #Ukraine #UnitedStates #VolodymyrZelenskyy #War #WarInUkraine",security,1,0,3,2025-02-22
398,54,114048546725828645,2025-02-22 16:45:06+00:00,en,112202858501840236,"Europe should brace for Trump to end NATO protection, Germany’s Merz warns – POLITICO https://www.byteseu.com/768545/ #Defense #DonaldTrump #Elections #Europe #ForeignPolicy #FriedrichMerz #GermanElection2025 #GermanPolitics #Germany #Military #NATO #Security #U.S.ForeignPolicy #Ukraine #UnitedStates #VolodymyrZelenskyy #War #WarInUkraine",U,1,0,3,2025-02-22
399,54,114048546725828645,2025-02-22 16:45:06+00:00,en,112202858501840236,"Europe should brace for Trump to end NATO protection, Germany’s Merz warns – POLITICO https://www.byteseu.com/768545/ #Defense #DonaldTrump #Elections #Europe #ForeignPolicy #FriedrichMerz #GermanElection2025 #GermanPolitics #Germany #Military #NATO #Security #U.S.ForeignPolicy #Ukraine #UnitedStates #VolodymyrZelenskyy #War #WarInUkraine",ukraine,1,0,3,2025-02-22
400,54,114048546725828645,2025-02-22 16:45:06+00:00,en,112202858501840236,"Europe should brace for Trump to end NATO protection, Germany’s Merz warns – POLITICO https://www.byteseu.com/768545/ #Defense #DonaldTrump #Elections #Europe #ForeignPolicy #FriedrichMerz #GermanElection2025 #GermanPolitics #Germany #Military #NATO #Security #U.S.ForeignPolicy #Ukraine #UnitedStates #VolodymyrZelenskyy #War #WarInUkraine",unitedstates,1,0,3,2025-02-22
401,54,114048546725828645,2025-02-22 16:45:06+00:00,en,112202858501840236,"Europe should brace for Trump to end NATO protection, Germany’s Merz warns – POLITICO https://www.byteseu.com/768545/ #Defense #DonaldTrump #Elections #Europe #ForeignPolicy #FriedrichMerz #GermanElection2025 #GermanPolitics #Germany #Military #NATO #Security #U.S.ForeignPolicy #Ukraine #UnitedStates #VolodymyrZelenskyy #War #WarInUkraine",VolodymyrZelenskyy,1,0,3,2025-02-22
402,54,114048546725828645,2025-02-22 16:45:06+00:00,en,112202858501840236,"Europe should brace for Trump to end NATO protection, Germany’s Merz warns – POLITICO https://www.byteseu.com/768545/ #Defense #DonaldTrump #Elections #Europe #ForeignPolicy #FriedrichMerz #GermanElection2025 #GermanPolitics #Germany #Military #NATO #Security #U.S.ForeignPolicy #Ukraine #UnitedStates #VolodymyrZelenskyy #War #WarInUkraine",war,1,0,3,2025-02-22
403,54,114048546725828645,2025-02-22 16:45:06+00:00,en,112202858501840236,"Europe should brace for Trump to end NATO protection, Germany’s Merz warns – POLITICO https://www.byteseu.com/768545/ #Defense #DonaldTrump #Elections #Europe #ForeignPolicy #FriedrichMerz #GermanElection2025 #GermanPolitics #Germany #Military #NATO #Security #U.S.ForeignPolicy #Ukraine #UnitedStates #VolodymyrZelenskyy #War #WarInUkraine",WARINUKRAINE,1,0,3,2025-02-22
460,60,114040333893371606,2025-02-21 05:56:39+00:00,en,109299276643022082,#german #germany #germanelection #germanelection2025 #voting #ai #disinformation #artificialintelligence #deepfakes #afd #russia #farrightDon’t necessarily believe everything bad thing you see or read about prominent politicians in Germany. People are using Ai to deceive you!https://news.sky.com/story/german-election-from-ai-influencers-to-russian-disinformation-the-far-right-is-getting-a-leg-up-online-13313167,deepfakes,0,0,1,2025-02-21
461,60,114040333893371606,2025-02-21 05:56:39+00:00,en,109299276643022082,#german #germany #germanelection #germanelection2025 #voting #ai #disinformation #artificialintelligence #deepfakes #afd #russia #farrightDon’t necessarily believe everything bad thing you see or read about prominent politicians in Germany. People are using Ai to deceive you!https://news.sky.com/story/german-election-from-ai-influencers-to-russian-disinformation-the-far-right-is-getting-a-leg-up-online-13313167,artificialintelligence,0,0,1,2025-02-21
462,60,114040333893371606,2025-02-21 05:56:39+00:00,en,109299276643022082,#german #germany #germanelection #germanelection2025 #voting #ai #disinformation #artificialintelligence #deepfakes #afd #russia #farrightDon’t necessarily believe everything bad thing you see or read about prominent politicians in Germany. People are using Ai to deceive you!https://news.sky.com/story/german-election-from-ai-influencers-to-russian-disinformation-the-far-right-is-getting-a-leg-up-online-13313167,disinformation,0,0,1,2025-02-21
463,60,114040333893371606,2025-02-21 05:56:39+00:00,en,109299276643022082,#german #germany #germanelection #germanelection2025 #voting #ai #disinformation #artificialintelligence #deepfakes #afd #russia #farrightDon’t necessarily believe everything bad thing you see or read about prominent politicians in Germany. People are using Ai to deceive you!https://news.sky.com/story/german-election-from-ai-influencers-to-russian-disinformation-the-far-right-is-getting-a-leg-up-online-13313167,ai,0,0,1,2025-02-21
464,60,114040333893371606,2025-02-21 05:56:39+00:00,en,109299276643022082,#german #germany #germanelection #germanelection2025 #voting #ai #disinformation #artificialintelligence #deepfakes #afd #russia #farrightDon’t necessarily believe everything bad thing you see or read about prominent politicians in Germany. People are using Ai to deceive you!https://news.sky.com/story/german-election-from-ai-influencers-to-russian-disinformation-the-far-right-is-getting-a-leg-up-online-13313167,voting,0,0,1,2025-02-21
465,60,114040333893371606,2025-02-21 05:56:39+00:00,en,109299276643022082,#german #germany #germanelection #germanelection2025 #voting #ai #disinformation #artificialintelligence #deepfakes #afd #russia #farrightDon’t necessarily believe everything bad thing you see or read about prominent politicians in Germany. People are using Ai to deceive you!https://news.sky.com/story/german-election-from-ai-influencers-to-russian-disinformation-the-far-right-is-getting-a-leg-up-online-13313167,germanelection2025,0,0,1,2025-02-21
466,60,114040333893371606,2025-02-21 05:56:39+00:00,en,109299276643022082,#german #germany #germanelection #germanelection2025 #voting #ai #disinformation #artificialintelligence #deepfakes #afd #russia #farrightDon’t necessarily believe everything bad thing you see or read about prominent politicians in Germany. People are using Ai to deceive you!https://news.sky.com/story/german-election-from-ai-influencers-to-russian-disinformation-the-far-right-is-getting-a-leg-up-online-13313167,germanelection,0,0,1,2025-02-21
467,60,114040333893371606,2025-02-21 05:56:39+00:00,en,109299276643022082,#german #germany #germanelection #germanelection2025 #voting #ai #disinformation #artificialintelligence #deepfakes #afd #russia #farrightDon’t necessarily believe everything bad thing you see or read about prominent politicians in Germany. People are using Ai to deceive you!https://news.sky.com/story/german-election-from-ai-influencers-to-russian-disinformation-the-far-right-is-getting-a-leg-up-online-13313167,germany,0,0,1,2025-02-21
468,60,114040333893371606,2025-02-21 05:56:39+00:00,en,109299276643022082,#german #germany #germanelection #germanelection2025 #voting #ai #disinformation #artificialintelligence #deepfakes #afd #russia #farrightDon’t necessarily believe everything bad thing you see or read about prominent politicians in Germany. People are using Ai to deceive you!https://news.sky.com/story/german-election-from-ai-influencers-to-russian-disinformation-the-far-right-is-getting-a-leg-up-online-13313167,german,0,0,1,2025-02-21
469,60,114040333893371606,2025-02-21 05:56:39+00:00,en,109299276643022082,#german #germany #germanelection #germanelection2025 #voting #ai #disinformation #artificialintelligence #deepfakes #afd #russia #farrightDon’t necessarily believe everything bad thing you see or read about prominent politicians in Germany. People are using Ai to deceive you!https://news.sky.com/story/german-election-from-ai-influencers-to-russian-disinformation-the-far-right-is-getting-a-leg-up-online-13313167,farright,0,0,1,2025-02-21
470,60,114040333893371606,2025-02-21 05:56:39+00:00,en,109299276643022082,#german #germany #germanelection #germanelection2025 #voting #ai #disinformation #artificialintelligence #deepfakes #afd #russia #farrightDon’t necessarily believe everything bad thing you see or read about prominent politicians in Germany. People are using Ai to deceive you!https://news.sky.com/story/german-election-from-ai-influencers-to-russian-disinformation-the-far-right-is-getting-a-leg-up-online-13313167,russia,0,0,1,2025-02-21
471,60,114040333893371606,2025-02-21 05:56:39+00:00,en,109299276643022082,#german #germany #germanelection #germanelection2025 #voting #ai #disinformation #artificialintelligence #deepfakes #afd #russia #farrightDon’t necessarily believe everything bad thing you see or read about prominent politicians in Germany. People are using Ai to deceive you!https://news.sky.com/story/german-election-from-ai-influencers-to-russian-disinformation-the-far-right-is-getting-a-leg-up-online-13313167,afd,0,0,1,2025-02-21
506,63,114034642504123160,2025-02-20 05:49:11+00:00,en,112202858501840236,Germany’s Scholz calls rivals ‘anti-patriotic assholes’ – POLITICO https://www.byteseu.com/761150/ #Budget #GermanElection2025 #Germany #MichaelRoth #OlafScholz #Policy #Weapons,budget,0,0,0,2025-02-20
507,63,114034642504123160,2025-02-20 05:49:11+00:00,en,112202858501840236,Germany’s Scholz calls rivals ‘anti-patriotic assholes’ – POLITICO https://www.byteseu.com/761150/ #Budget #GermanElection2025 #Germany #MichaelRoth #OlafScholz #Policy #Weapons,germanelection2025,0,0,0,2025-02-20
508,63,114034642504123160,2025-02-20 05:49:11+00:00,en,112202858501840236,Germany’s Scholz calls rivals ‘anti-patriotic assholes’ – POLITICO https://www.byteseu.com/761150/ #Budget #GermanElection2025 #Germany #MichaelRoth #OlafScholz #Policy #Weapons,germany,0,0,0,2025-02-20
509,63,114034642504123160,2025-02-20 05:49:11+00:00,en,112202858501840236,Germany’s Scholz calls rivals ‘anti-patriotic assholes’ – POLITICO https://www.byteseu.com/761150/ #Budget #GermanElection2025 #Germany #MichaelRoth #OlafScholz #Policy #Weapons,michaelroth,0,0,0,2025-02-20
510,63,114034642504123160,2025-02-20 05:49:11+00:00,en,112202858501840236,Germany’s Scholz calls rivals ‘anti-patriotic assholes’ – POLITICO https://www.byteseu.com/761150/ #Budget #GermanElection2025 #Germany #MichaelRoth #OlafScholz #Policy #Weapons,olafscholz,0,0,0,2025-02-20
511,63,114034642504123160,2025-02-20 05:49:11+00:00,en,112202858501840236,Germany’s Scholz calls rivals ‘anti-patriotic assholes’ – POLITICO https://www.byteseu.com/761150/ #Budget #GermanElection2025 #Germany #MichaelRoth #OlafScholz #Policy #Weapons,policy,0,0,0,2025-02-20
512,63,114034642504123160,2025-02-20 05:49:11+00:00,en,112202858501840236,Germany’s Scholz calls rivals ‘anti-patriotic assholes’ – POLITICO https://www.byteseu.com/761150/ #Budget #GermanElection2025 #Germany #MichaelRoth #OlafScholz #Policy #Weapons,weapons,0,0,0,2025-02-20
534,68,114029196817779585,2025-02-19 06:44:13+00:00,en,112202858501840236,German election 2025: Five key issues next chancellor will have to face https://www.byteseu.com/758225/ #economy #FriedrichMerz #GermanElection2025 #Germany #Immigration #OlafScholz,economy,0,0,0,2025-02-19
535,68,114029196817779585,2025-02-19 06:44:13+00:00,en,112202858501840236,German election 2025: Five key issues next chancellor will have to face https://www.byteseu.com/758225/ #economy #FriedrichMerz #GermanElection2025 #Germany #Immigration #OlafScholz,friedrichmerz,0,0,0,2025-02-19
536,68,114029196817779585,2025-02-19 06:44:13+00:00,en,112202858501840236,German election 2025: Five key issues next chancellor will have to face https://www.byteseu.com/758225/ #economy #FriedrichMerz #GermanElection2025 #Germany #Immigration #OlafScholz,germanelection2025,0,0,0,2025-02-19
537,68,114029196817779585,2025-02-19 06:44:13+00:00,en,112202858501840236,German election 2025: Five key issues next chancellor will have to face https://www.byteseu.com/758225/ #economy #FriedrichMerz #GermanElection2025 #Germany #Immigration #OlafScholz,germany,0,0,0,2025-02-19
538,68,114029196817779585,2025-02-19 06:44:13+00:00,en,112202858501840236,German election 2025: Five key issues next chancellor will have to face https://www.byteseu.com/758225/ #economy #FriedrichMerz #GermanElection2025 #Germany #Immigration #OlafScholz,immigration,0,0,0,2025-02-19
539,68,114029196817779585,2025-02-19 06:44:13+00:00,en,112202858501840236,German election 2025: Five key issues next chancellor will have to face https://www.byteseu.com/758225/ #economy #FriedrichMerz #GermanElection2025 #Germany #Immigration #OlafScholz,olafscholz,0,0,0,2025-02-19
561,72,114026730587317772,2025-02-18 20:17:09+00:00,en,112202858501840236,"Europe is on the brink of another financial crisis, German front-runner Merz warns – POLITICO https://www.byteseu.com/756968/ #Afghanistan #Asylum #Borders #Budget #Debt #Defense #DonaldTrump #Elections #Exclusive #FriedrichMerz #GermanElection2025 #Germany #GiorgiaMeloni #Growth #MarkusSöder #Migration #OlafScholz #Policy #Refugees #RobertHabeck #Russia #Ukraine #unemployment #UnitedStates",afghanistan,0,0,7,2025-02-18
562,72,114026730587317772,2025-02-18 20:17:09+00:00,en,112202858501840236,"Europe is on the brink of another financial crisis, German front-runner Merz warns – POLITICO https://www.byteseu.com/756968/ #Afghanistan #Asylum #Borders #Budget #Debt #Defense #DonaldTrump #Elections #Exclusive #FriedrichMerz #GermanElection2025 #Germany #GiorgiaMeloni #Growth #MarkusSöder #Migration #OlafScholz #Policy #Refugees #RobertHabeck #Russia #Ukraine #unemployment #UnitedStates",asylum,0,0,7,2025-02-18
563,72,114026730587317772,2025-02-18 20:17:09+00:00,en,112202858501840236,"Europe is on the brink of another financial crisis, German front-runner Merz warns – POLITICO https://www.byteseu.com/756968/ #Afghanistan #Asylum #Borders #Budget #Debt #Defense #DonaldTrump #Elections #Exclusive #FriedrichMerz #GermanElection2025 #Germany #GiorgiaMeloni #Growth #MarkusSöder #Migration #OlafScholz #Policy #Refugees #RobertHabeck #Russia #Ukraine #unemployment #UnitedStates",borders,0,0,7,2025-02-18
564,72,114026730587317772,2025-02-18 20:17:09+00:00,en,112202858501840236,"Europe is on the brink of another financial crisis, German front-runner Merz warns – POLITICO https://www.byteseu.com/756968/ #Afghanistan #Asylum #Borders #Budget #Debt #Defense #DonaldTrump #Elections #Exclusive #FriedrichMerz #GermanElection2025 #Germany #GiorgiaMeloni #Growth #MarkusSöder #Migration #OlafScholz #Policy #Refugees #RobertHabeck #Russia #Ukraine #unemployment #UnitedStates",budget,0,0,7,2025-02-18
565,72,114026730587317772,2025-02-18 20:17:09+00:00,en,112202858501840236,"Europe is on the brink of another financial crisis, German front-runner Merz warns – POLITICO https://www.byteseu.com/756968/ #Afghanistan #Asylum #Borders #Budget #Debt #Defense #DonaldTrump #Elections #Exclusive #FriedrichMerz #GermanElection2025 #Germany #GiorgiaMeloni #Growth #MarkusSöder #Migration #OlafScholz #Policy #Refugees #RobertHabeck #Russia #Ukraine #unemployment #UnitedStates",debt,0,0,7,2025-02-18
566,72,114026730587317772,2025-02-18 20:17:09+00:00,en,112202858501840236,"Europe is on the brink of another financial crisis, German front-runner Merz warns – POLITICO https://www.byteseu.com/756968/ #Afghanistan #Asylum #Borders #Budget #Debt #Defense #DonaldTrump #Elections #Exclusive #FriedrichMerz #GermanElection2025 #Germany #GiorgiaMeloni #Growth #MarkusSöder #Migration #OlafScholz #Policy #Refugees #RobertHabeck #Russia #Ukraine #unemployment #UnitedStates",defense,0,0,7,2025-02-18
567,72,114026730587317772,2025-02-18 20:17:09+00:00,en,112202858501840236,"Europe is on the brink of another financial crisis, German front-runner Merz warns – POLITICO https://www.byteseu.com/756968/ #Afghanistan #Asylum #Borders #Budget #Debt #Defense #DonaldTrump #Elections #Exclusive #FriedrichMerz #GermanElection2025 #Germany #GiorgiaMeloni #Growth #MarkusSöder #Migration #OlafScholz #Policy #Refugees #RobertHabeck #Russia #Ukraine #unemployment #UnitedStates",donaldtrump,0,0,7,2025-02-18
568,72,114026730587317772,2025-02-18 20:17:09+00:00,en,112202858501840236,"Europe is on the brink of another financial crisis, German front-runner Merz warns – POLITICO https://www.byteseu.com/756968/ #Afghanistan #Asylum #Borders #Budget #Debt #Defense #DonaldTrump #Elections #Exclusive #FriedrichMerz #GermanElection2025 #Germany #GiorgiaMeloni #Growth #MarkusSöder #Migration #OlafScholz #Policy #Refugees #RobertHabeck #Russia #Ukraine #unemployment #UnitedStates",elections,0,0,7,2025-02-18
569,72,114026730587317772,2025-02-18 20:17:09+00:00,en,112202858501840236,"Europe is on the brink of another financial crisis, German front-runner Merz warns – POLITICO https://www.byteseu.com/756968/ #Afghanistan #Asylum #Borders #Budget #Debt #Defense #DonaldTrump #Elections #Exclusive #FriedrichMerz #GermanElection2025 #Germany #GiorgiaMeloni #Growth #MarkusSöder #Migration #OlafScholz #Policy #Refugees #RobertHabeck #Russia #Ukraine #unemployment #UnitedStates",exclusive,0,0,7,2025-02-18
570,72,114026730587317772,2025-02-18 20:17:09+00:00,en,112202858501840236,"Europe is on the brink of another financial crisis, German front-runner Merz warns – POLITICO https://www.byteseu.com/756968/ #Afghanistan #Asylum #Borders #Budget #Debt #Defense #DonaldTrump #Elections #Exclusive #FriedrichMerz #GermanElection2025 #Germany #GiorgiaMeloni #Growth #MarkusSöder #Migration #OlafScholz #Policy #Refugees #RobertHabeck #Russia #Ukraine #unemployment #UnitedStates",friedrichmerz,0,0,7,2025-02-18
571,72,114026730587317772,2025-02-18 20:17:09+00:00,en,112202858501840236,"Europe is on the brink of another financial crisis, German front-runner Merz warns – POLITICO https://www.byteseu.com/756968/ #Afghanistan #Asylum #Borders #Budget #Debt #Defense #DonaldTrump #Elections #Exclusive #FriedrichMerz #GermanElection2025 #Germany #GiorgiaMeloni #Growth #MarkusSöder #Migration #OlafScholz #Policy #Refugees #RobertHabeck #Russia #Ukraine #unemployment #UnitedStates",germanelection2025,0,0,7,2025-02-18
572,72,114026730587317772,2025-02-18 20:17:09+00:00,en,112202858501840236,"Europe is on the brink of another financial crisis, German front-runner Merz warns – POLITICO https://www.byteseu.com/756968/ #Afghanistan #Asylum #Borders #Budget #Debt #Defense #DonaldTrump #Elections #Exclusive #FriedrichMerz #GermanElection2025 #Germany #GiorgiaMeloni #Growth #MarkusSöder #Migration #OlafScholz #Policy #Refugees #RobertHabeck #Russia #Ukraine #unemployment #UnitedStates",germany,0,0,7,2025-02-18
573,72,114026730587317772,2025-02-18 20:17:09+00:00,en,112202858501840236,"Europe is on the brink of another financial crisis, German front-runner Merz warns – POLITICO https://www.byteseu.com/756968/ #Afghanistan #Asylum #Borders #Budget #Debt #Defense #DonaldTrump #Elections #Exclusive #FriedrichMerz #GermanElection2025 #Germany #GiorgiaMeloni #Growth #MarkusSöder #Migration #OlafScholz #Policy #Refugees #RobertHabeck #Russia #Ukraine #unemployment #UnitedStates",giorgiameloni,0,0,7,2025-02-18
574,72,114026730587317772,2025-02-18 20:17:09+00:00,en,112202858501840236,"Europe is on the brink of another financial crisis, German front-runner Merz warns – POLITICO https://www.byteseu.com/756968/ #Afghanistan #Asylum #Borders #Budget #Debt #Defense #DonaldTrump #Elections #Exclusive #FriedrichMerz #GermanElection2025 #Germany #GiorgiaMeloni #Growth #MarkusSöder #Migration #OlafScholz #Policy #Refugees #RobertHabeck #Russia #Ukraine #unemployment #UnitedStates",growth,0,0,7,2025-02-18
575,72,114026730587317772,2025-02-18 20:17:09+00:00,en,112202858501840236,"Europe is on the brink of another financial crisis, German front-runner Merz warns – POLITICO https://www.byteseu.com/756968/ #Afghanistan #Asylum #Borders #Budget #Debt #Defense #DonaldTrump #Elections #Exclusive #FriedrichMerz #GermanElection2025 #Germany #GiorgiaMeloni #Growth #MarkusSöder #Migration #OlafScholz #Policy #Refugees #RobertHabeck #Russia #Ukraine #unemployment #UnitedStates",markussoder,0,0,7,2025-02-18
576,72,114026730587317772,2025-02-18 20:17:09+00:00,en,112202858501840236,"Europe is on the brink of another financial crisis, German front-runner Merz warns – POLITICO https://www.byteseu.com/756968/ #Afghanistan #Asylum #Borders #Budget #Debt #Defense #DonaldTrump #Elections #Exclusive #FriedrichMerz #GermanElection2025 #Germany #GiorgiaMeloni #Growth #MarkusSöder #Migration #OlafScholz #Policy #Refugees #RobertHabeck #Russia #Ukraine #unemployment #UnitedStates",migration,0,0,7,2025-02-18
577,72,114026730587317772,2025-02-18 20:17:09+00:00,en,112202858501840236,"Europe is on the brink of another financial crisis, German front-runner Merz warns – POLITICO https://www.byteseu.com/756968/ #Afghanistan #Asylum #Borders #Budget #Debt #Defense #DonaldTrump #Elections #Exclusive #FriedrichMerz #GermanElection2025 #Germany #GiorgiaMeloni #Growth #MarkusSöder #Migration #OlafScholz #Policy #Refugees #RobertHabeck #Russia #Ukraine #unemployment #UnitedStates",olafscholz,0,0,7,2025-02-18
578,72,114026730587317772,2025-02-18 20:17:09+00:00,en,112202858501840236,"Europe is on the brink of another financial crisis, German front-runner Merz warns – POLITICO https://www.byteseu.com/756968/ #Afghanistan #Asylum #Borders #Budget #Debt #Defense #DonaldTrump #Elections #Exclusive #FriedrichMerz #GermanElection2025 #Germany #GiorgiaMeloni #Growth #MarkusSöder #Migration #OlafScholz #Policy #Refugees #RobertHabeck #Russia #Ukraine #unemployment #UnitedStates",policy,0,0,7,2025-02-18
579,72,114026730587317772,2025-02-18 20:17:09+00:00,en,112202858501840236,"Europe is on the brink of another financial crisis, German front-runner Merz warns – POLITICO https://www.byteseu.com/756968/ #Afghanistan #Asylum #Borders #Budget #Debt #Defense #DonaldTrump #Elections #Exclusive #FriedrichMerz #GermanElection2025 #Germany #GiorgiaMeloni #Growth #MarkusSöder #Migration #OlafScholz #Policy #Refugees #RobertHabeck #Russia #Ukraine #unemployment #UnitedStates",refugees,0,0,7,2025-02-18
580,72,114026730587317772,2025-02-18 20:17:09+00:00,en,112202858501840236,"Europe is on the brink of another financial crisis, German front-runner Merz warns – POLITICO https://www.byteseu.com/756968/ #Afghanistan #Asylum #Borders #Budget #Debt #Defense #DonaldTrump #Elections #Exclusive #FriedrichMerz #GermanElection2025 #Germany #GiorgiaMeloni #Growth #MarkusSöder #Migration #OlafScholz #Policy #Refugees #RobertHabeck #Russia #Ukraine #unemployment #UnitedStates",RobertHabeck,0,0,7,2025-02-18
581,72,114026730587317772,2025-02-18 20:17:09+00:00,en,112202858501840236,"Europe is on the brink of another financial crisis, German front-runner Merz warns – POLITICO https://www.byteseu.com/756968/ #Afghanistan #Asylum #Borders #Budget #Debt #Defense #DonaldTrump #Elections #Exclusive #FriedrichMerz #GermanElection2025 #Germany #GiorgiaMeloni #Growth #MarkusSöder #Migration #OlafScholz #Policy #Refugees #RobertHabeck #Russia #Ukraine #unemployment #UnitedStates",russia,0,0,7,2025-02-18
582,72,114026730587317772,2025-02-18 20:17:09+00:00,en,112202858501840236,"Europe is on the brink of another financial crisis, German front-runner Merz warns – POLITICO https://www.byteseu.com/756968/ #Afghanistan #Asylum #Borders #Budget #Debt #Defense #DonaldTrump #Elections #Exclusive #FriedrichMerz #GermanElection2025 #Germany #GiorgiaMeloni #Growth #MarkusSöder #Migration #OlafScholz #Policy #Refugees #RobertHabeck #Russia #Ukraine #unemployment #UnitedStates",ukraine,0,0,7,2025-02-18
583,72,114026730587317772,2025-02-18 20:17:09+00:00,en,112202858501840236,"Europe is on the brink of another financial crisis, German front-runner Merz warns – POLITICO https://www.byteseu.com/756968/ #Afghanistan #Asylum #Borders #Budget #Debt #Defense #DonaldTrump #Elections #Exclusive #FriedrichMerz #GermanElection2025 #Germany #GiorgiaMeloni #Growth #MarkusSöder #Migration #OlafScholz #Policy #Refugees #RobertHabeck #Russia #Ukraine #unemployment #UnitedStates",unemployment,0,0,7,2025-02-18
584,72,114026730587317772,2025-02-18 20:17:09+00:00,en,112202858501840236,"Europe is on the brink of another financial crisis, German front-runner Merz warns – POLITICO https://www.byteseu.com/756968/ #Afghanistan #Asylum #Borders #Budget #Debt #Defense #DonaldTrump #Elections #Exclusive #FriedrichMerz #GermanElection2025 #Germany #GiorgiaMeloni #Growth #MarkusSöder #Migration #OlafScholz #Policy #Refugees #RobertHabeck #Russia #Ukraine #unemployment #UnitedStates",unitedstates,0,0,7,2025-02-18
594,74,114023158485902016,2025-02-18 05:08:39+00:00,en,112202858501840236,"Germany’s Habeck slams ‘tech oligarch’ Musk, calls for a European X – POLITICO https://www.byteseu.com/755091/ #BigTech #ElonMusk #GermanElection2025 #Germany #RobertHabeck #SocialMedia",bigtech,0,0,2,2025-02-18
595,74,114023158485902016,2025-02-18 05:08:39+00:00,en,112202858501840236,"Germany’s Habeck slams ‘tech oligarch’ Musk, calls for a European X – POLITICO https://www.byteseu.com/755091/ #BigTech #ElonMusk #GermanElection2025 #Germany #RobertHabeck #SocialMedia",ElonMusk,0,0,2,2025-02-18
596,74,114023158485902016,2025-02-18 05:08:39+00:00,en,112202858501840236,"Germany’s Habeck slams ‘tech oligarch’ Musk, calls for a European X – POLITICO https://www.byteseu.com/755091/ #BigTech #ElonMusk #GermanElection2025 #Germany #RobertHabeck #SocialMedia",germanelection2025,0,0,2,2025-02-18
597,74,114023158485902016,2025-02-18 05:08:39+00:00,en,112202858501840236,"Germany’s Habeck slams ‘tech oligarch’ Musk, calls for a European X – POLITICO https://www.byteseu.com/755091/ #BigTech #ElonMusk #GermanElection2025 #Germany #RobertHabeck #SocialMedia",germany,0,0,2,2025-02-18
598,74,114023158485902016,2025-02-18 05:08:39+00:00,en,112202858501840236,"Germany’s Habeck slams ‘tech oligarch’ Musk, calls for a European X – POLITICO https://www.byteseu.com/755091/ #BigTech #ElonMusk #GermanElection2025 #Germany #RobertHabeck #SocialMedia",RobertHabeck,0,0,2,2025-02-18
599,74,114023158485902016,2025-02-18 05:08:39+00:00,en,112202858501840236,"Germany’s Habeck slams ‘tech oligarch’ Musk, calls for a European X – POLITICO https://www.byteseu.com/755091/ #BigTech #ElonMusk #GermanElection2025 #Germany #RobertHabeck #SocialMedia",socialmedia,0,0,2,2025-02-18
625,77,114019201401169936,2025-02-17 12:22:22+00:00,en,108317661115419208,"I finally just got my mail in ballot for the German election. I wish Post Nord was faster, because this is cutting it uncomfortably close to being able to get the ballot delivered in time. Not a great feeling that the mail could fuck with the democratic process like this… especially considering the general state of things.I’ve never felt so emotional about being able to vote. #fkNzs #fkafd #germanelection2025",fknzs,2,0,8,2025-02-17
626,77,114019201401169936,2025-02-17 12:22:22+00:00,en,108317661115419208,"I finally just got my mail in ballot for the German election. I wish Post Nord was faster, because this is cutting it uncomfortably close to being able to get the ballot delivered in time. Not a great feeling that the mail could fuck with the democratic process like this… especially considering the general state of things.I’ve never felt so emotional about being able to vote. #fkNzs #fkafd #germanelection2025",fkafd,2,0,8,2025-02-17
627,77,114019201401169936,2025-02-17 12:22:22+00:00,en,108317661115419208,"I finally just got my mail in ballot for the German election. I wish Post Nord was faster, because this is cutting it uncomfortably close to being able to get the ballot delivered in time. Not a great feeling that the mail could fuck with the democratic process like this… especially considering the general state of things.I’ve never felt so emotional about being able to vote. #fkNzs #fkafd #germanelection2025",germanelection2025,2,0,8,2025-02-17
628,78,114019027600486650,2025-02-17 11:38:06+00:00,en,112202858501840236,"As US recedes, NATO scrambles to find a new leader – POLITICO https://www.byteseu.com/752944/ #DefenseBudgets #DonaldTrump #EmmanuelMacron #EUUSMilitaryTies #Europe #France #GermanElection2025 #Germany #JdVance #JohnHealey #MarkRutte #MunichSecurityConference #NATO #OlafScholz #PeteHegseth #Poland #Russia #Sweden #U.S.Politics #Ukraine #UnitedKingdom #UnitedStates #VladimirPutin #WarInUkraine",defensebudgets,0,0,3,2025-02-17
629,78,114019027600486650,2025-02-17 11:38:06+00:00,en,112202858501840236,"As US recedes, NATO scrambles to find a new leader – POLITICO https://www.byteseu.com/752944/ #DefenseBudgets #DonaldTrump #EmmanuelMacron #EUUSMilitaryTies #Europe #France #GermanElection2025 #Germany #JdVance #JohnHealey #MarkRutte #MunichSecurityConference #NATO #OlafScholz #PeteHegseth #Poland #Russia #Sweden #U.S.Politics #Ukraine #UnitedKingdom #UnitedStates #VladimirPutin #WarInUkraine",donaldtrump,0,0,3,2025-02-17
630,78,114019027600486650,2025-02-17 11:38:06+00:00,en,112202858501840236,"As US recedes, NATO scrambles to find a new leader – POLITICO https://www.byteseu.com/752944/ #DefenseBudgets #DonaldTrump #EmmanuelMacron #EUUSMilitaryTies #Europe #France #GermanElection2025 #Germany #JdVance #JohnHealey #MarkRutte #MunichSecurityConference #NATO #OlafScholz #PeteHegseth #Poland #Russia #Sweden #U.S.Politics #Ukraine #UnitedKingdom #UnitedStates #VladimirPutin #WarInUkraine",emmanuelmacron,0,0,3,2025-02-17
631,78,114019027600486650,2025-02-17 11:38:06+00:00,en,112202858501840236,"As US recedes, NATO scrambles to find a new leader – POLITICO https://www.byteseu.com/752944/ #DefenseBudgets #DonaldTrump #EmmanuelMacron #EUUSMilitaryTies #Europe #France #GermanElection2025 #Germany #JdVance #JohnHealey #MarkRutte #MunichSecurityConference #NATO #OlafScholz #PeteHegseth #Poland #Russia #Sweden #U.S.Politics #Ukraine #UnitedKingdom #UnitedStates #VladimirPutin #WarInUkraine",euusmilitaryties,0,0,3,2025-02-17
632,78,114019027600486650,2025-02-17 11:38:06+00:00,en,112202858501840236,"As US recedes, NATO scrambles to find a new leader – POLITICO https://www.byteseu.com/752944/ #DefenseBudgets #DonaldTrump #EmmanuelMacron #EUUSMilitaryTies #Europe #France #GermanElection2025 #Germany #JdVance #JohnHealey #MarkRutte #MunichSecurityConference #NATO #OlafScholz #PeteHegseth #Poland #Russia #Sweden #U.S.Politics #Ukraine #UnitedKingdom #UnitedStates #VladimirPutin #WarInUkraine",europe,0,0,3,2025-02-17
633,78,114019027600486650,2025-02-17 11:38:06+00:00,en,112202858501840236,"As US recedes, NATO scrambles to find a new leader – POLITICO https://www.byteseu.com/752944/ #DefenseBudgets #DonaldTrump #EmmanuelMacron #EUUSMilitaryTies #Europe #France #GermanElection2025 #Germany #JdVance #JohnHealey #MarkRutte #MunichSecurityConference #NATO #OlafScholz #PeteHegseth #Poland #Russia #Sweden #U.S.Politics #Ukraine #UnitedKingdom #UnitedStates #VladimirPutin #WarInUkraine",france,0,0,3,2025-02-17
634,78,114019027600486650,2025-02-17 11:38:06+00:00,en,112202858501840236,"As US recedes, NATO scrambles to find a new leader – POLITICO https://www.byteseu.com/752944/ #DefenseBudgets #DonaldTrump #EmmanuelMacron #EUUSMilitaryTies #Europe #France #GermanElection2025 #Germany #JdVance #JohnHealey #MarkRutte #MunichSecurityConference #NATO #OlafScholz #PeteHegseth #Poland #Russia #Sweden #U.S.Politics #Ukraine #UnitedKingdom #UnitedStates #VladimirPutin #WarInUkraine",germanelection2025,0,0,3,2025-02-17
635,78,114019027600486650,2025-02-17 11:38:06+00:00,en,112202858501840236,"As US recedes, NATO scrambles to find a new leader – POLITICO https://www.byteseu.com/752944/ #DefenseBudgets #DonaldTrump #EmmanuelMacron #EUUSMilitaryTies #Europe #France #GermanElection2025 #Germany #JdVance #JohnHealey #MarkRutte #MunichSecurityConference #NATO #OlafScholz #PeteHegseth #Poland #Russia #Sweden #U.S.Politics #Ukraine #UnitedKingdom #UnitedStates #VladimirPutin #WarInUkraine",germany,0,0,3,2025-02-17
636,78,114019027600486650,2025-02-17 11:38:06+00:00,en,112202858501840236,"As US recedes, NATO scrambles to find a new leader – POLITICO https://www.byteseu.com/752944/ #DefenseBudgets #DonaldTrump #EmmanuelMacron #EUUSMilitaryTies #Europe #France #GermanElection2025 #Germany #JdVance #JohnHealey #MarkRutte #MunichSecurityConference #NATO #OlafScholz #PeteHegseth #Poland #Russia #Sweden #U.S.Politics #Ukraine #UnitedKingdom #UnitedStates #VladimirPutin #WarInUkraine",jdvance,0,0,3,2025-02-17
637,78,114019027600486650,2025-02-17 11:38:06+00:00,en,112202858501840236,"As US recedes, NATO scrambles to find a new leader – POLITICO https://www.byteseu.com/752944/ #DefenseBudgets #DonaldTrump #EmmanuelMacron #EUUSMilitaryTies #Europe #France #GermanElection2025 #Germany #JdVance #JohnHealey #MarkRutte #MunichSecurityConference #NATO #OlafScholz #PeteHegseth #Poland #Russia #Sweden #U.S.Politics #Ukraine #UnitedKingdom #UnitedStates #VladimirPutin #WarInUkraine",johnhealey,0,0,3,2025-02-17
638,78,114019027600486650,2025-02-17 11:38:06+00:00,en,112202858501840236,"As US recedes, NATO scrambles to find a new leader – POLITICO https://www.byteseu.com/752944/ #DefenseBudgets #DonaldTrump #EmmanuelMacron #EUUSMilitaryTies #Europe #France #GermanElection2025 #Germany #JdVance #JohnHealey #MarkRutte #MunichSecurityConference #NATO #OlafScholz #PeteHegseth #Poland #Russia #Sweden #U.S.Politics #Ukraine #UnitedKingdom #UnitedStates #VladimirPutin #WarInUkraine",MarkRutte,0,0,3,2025-02-17
639,78,114019027600486650,2025-02-17 11:38:06+00:00,en,112202858501840236,"As US recedes, NATO scrambles to find a new leader – POLITICO https://www.byteseu.com/752944/ #DefenseBudgets #DonaldTrump #EmmanuelMacron #EUUSMilitaryTies #Europe #France #GermanElection2025 #Germany #JdVance #JohnHealey #MarkRutte #MunichSecurityConference #NATO #OlafScholz #PeteHegseth #Poland #Russia #Sweden #U.S.Politics #Ukraine #UnitedKingdom #UnitedStates #VladimirPutin #WarInUkraine",munichsecurityconference,0,0,3,2025-02-17
640,78,114019027600486650,2025-02-17 11:38:06+00:00,en,112202858501840236,"As US recedes, NATO scrambles to find a new leader – POLITICO https://www.byteseu.com/752944/ #DefenseBudgets #DonaldTrump #EmmanuelMacron #EUUSMilitaryTies #Europe #France #GermanElection2025 #Germany #JdVance #JohnHealey #MarkRutte #MunichSecurityConference #NATO #OlafScholz #PeteHegseth #Poland #Russia #Sweden #U.S.Politics #Ukraine #UnitedKingdom #UnitedStates #VladimirPutin #WarInUkraine",NATO,0,0,3,2025-02-17
641,78,114019027600486650,2025-02-17 11:38:06+00:00,en,112202858501840236,"As US recedes, NATO scrambles to find a new leader – POLITICO https://www.byteseu.com/752944/ #DefenseBudgets #DonaldTrump #EmmanuelMacron #EUUSMilitaryTies #Europe #France #GermanElection2025 #Germany #JdVance #JohnHealey #MarkRutte #MunichSecurityConference #NATO #OlafScholz #PeteHegseth #Poland #Russia #Sweden #U.S.Politics #Ukraine #UnitedKingdom #UnitedStates #VladimirPutin #WarInUkraine",olafscholz,0,0,3,2025-02-17
642,78,114019027600486650,2025-02-17 11:38:06+00:00,en,112202858501840236,"As US recedes, NATO scrambles to find a new leader – POLITICO https://www.byteseu.com/752944/ #DefenseBudgets #DonaldTrump #EmmanuelMacron #EUUSMilitaryTies #Europe #France #GermanElection2025 #Germany #JdVance #JohnHealey #MarkRutte #MunichSecurityConference #NATO #OlafScholz #PeteHegseth #Poland #Russia #Sweden #U.S.Politics #Ukraine #UnitedKingdom #UnitedStates #VladimirPutin #WarInUkraine",petehegseth,0,0,3,2025-02-17
643,78,114019027600486650,2025-02-17 11:38:06+00:00,en,112202858501840236,"As US recedes, NATO scrambles to find a new leader – POLITICO https://www.byteseu.com/752944/ #DefenseBudgets #DonaldTrump #EmmanuelMacron #EUUSMilitaryTies #Europe #France #GermanElection2025 #Germany #JdVance #JohnHealey #MarkRutte #MunichSecurityConference #NATO #OlafScholz #PeteHegseth #Poland #Russia #Sweden #U.S.Politics #Ukraine #UnitedKingdom #UnitedStates #VladimirPutin #WarInUkraine",poland,0,0,3,2025-02-17
644,78,114019027600486650,2025-02-17 11:38:06+00:00,en,112202858501840236,"As US recedes, NATO scrambles to find a new leader – POLITICO https://www.byteseu.com/752944/ #DefenseBudgets #DonaldTrump #EmmanuelMacron #EUUSMilitaryTies #Europe #France #GermanElection2025 #Germany #JdVance #JohnHealey #MarkRutte #MunichSecurityConference #NATO #OlafScholz #PeteHegseth #Poland #Russia #Sweden #U.S.Politics #Ukraine #UnitedKingdom #UnitedStates #VladimirPutin #WarInUkraine",russia,0,0,3,2025-02-17
645,78,114019027600486650,2025-02-17 11:38:06+00:00,en,112202858501840236,"As US recedes, NATO scrambles to find a new leader – POLITICO https://www.byteseu.com/752944/ #DefenseBudgets #DonaldTrump #EmmanuelMacron #EUUSMilitaryTies #Europe #France #GermanElection2025 #Germany #JdVance #JohnHealey #MarkRutte #MunichSecurityConference #NATO #OlafScholz #PeteHegseth #Poland #Russia #Sweden #U.S.Politics #Ukraine #UnitedKingdom #UnitedStates #VladimirPutin #WarInUkraine",sweden,0,0,3,2025-02-17
646,78,114019027600486650,2025-02-17 11:38:06+00:00,en,112202858501840236,"As US recedes, NATO scrambles to find a new leader – POLITICO https://www.byteseu.com/752944/ #DefenseBudgets #DonaldTrump #EmmanuelMacron #EUUSMilitaryTies #Europe #France #GermanElection2025 #Germany #JdVance #JohnHealey #MarkRutte #MunichSecurityConference #NATO #OlafScholz #PeteHegseth #Poland #Russia #Sweden #U.S.Politics #Ukraine #UnitedKingdom #UnitedStates #VladimirPutin #WarInUkraine",U,0,0,3,2025-02-17
647,78,114019027600486650,2025-02-17 11:38:06+00:00,en,112202858501840236,"As US recedes, NATO scrambles to find a new leader – POLITICO https://www.byteseu.com/752944/ #DefenseBudgets #DonaldTrump #EmmanuelMacron #EUUSMilitaryTies #Europe #France #GermanElection2025 #Germany #JdVance #JohnHealey #MarkRutte #MunichSecurityConference #NATO #OlafScholz #PeteHegseth #Poland #Russia #Sweden #U.S.Politics #Ukraine #UnitedKingdom #UnitedStates #VladimirPutin #WarInUkraine",ukraine,0,0,3,2025-02-17
648,78,114019027600486650,2025-02-17 11:38:06+00:00,en,112202858501840236,"As US recedes, NATO scrambles to find a new leader – POLITICO https://www.byteseu.com/752944/ #DefenseBudgets #DonaldTrump #EmmanuelMacron #EUUSMilitaryTies #Europe #France #GermanElection2025 #Germany #JdVance #JohnHealey #MarkRutte #MunichSecurityConference #NATO #OlafScholz #PeteHegseth #Poland #Russia #Sweden #U.S.Politics #Ukraine #UnitedKingdom #UnitedStates #VladimirPutin #WarInUkraine",UnitedKingdom,0,0,3,2025-02-17
649,78,114019027600486650,2025-02-17 11:38:06+00:00,en,112202858501840236,"As US recedes, NATO scrambles to find a new leader – POLITICO https://www.byteseu.com/752944/ #DefenseBudgets #DonaldTrump #EmmanuelMacron #EUUSMilitaryTies #Europe #France #GermanElection2025 #Germany #JdVance #JohnHealey #MarkRutte #MunichSecurityConference #NATO #OlafScholz #PeteHegseth #Poland #Russia #Sweden #U.S.Politics #Ukraine #UnitedKingdom #UnitedStates #VladimirPutin #WarInUkraine",unitedstates,0,0,3,2025-02-17
650,78,114019027600486650,2025-02-17 11:38:06+00:00,en,112202858501840236,"As US recedes, NATO scrambles to find a new leader – POLITICO https://www.byteseu.com/752944/ #DefenseBudgets #DonaldTrump #EmmanuelMacron #EUUSMilitaryTies #Europe #France #GermanElection2025 #Germany #JdVance #JohnHealey #MarkRutte #MunichSecurityConference #NATO #OlafScholz #PeteHegseth #Poland #Russia #Sweden #U.S.Politics #Ukraine #UnitedKingdom #UnitedStates #VladimirPutin #WarInUkraine",VladimirPutin,0,0,3,2025-02-17
651,78,114019027600486650,2025-02-17 11:38:06+00:00,en,112202858501840236,"As US recedes, NATO scrambles to find a new leader – POLITICO https://www.byteseu.com/752944/ #DefenseBudgets #DonaldTrump #EmmanuelMacron #EUUSMilitaryTies #Europe #France #GermanElection2025 #Germany #JdVance #JohnHealey #MarkRutte #MunichSecurityConference #NATO #OlafScholz #PeteHegseth #Poland #Russia #Sweden #U.S.Politics #Ukraine #UnitedKingdom #UnitedStates #VladimirPutin #WarInUkraine",WARINUKRAINE,0,0,3,2025-02-17
713,87,114000677130145370,2025-02-14 05:51:25+00:00,en,113877098310750965,"Just got an email from the German embassy in Jakarta. I live in Bali and asked for my election papers to be sent to the consulate in Bali. In a nutshell, because time is so short, they will not send it to Bali; instead, I have to fly to Jakarta and cast my vote on Monday, with no guarantee my vote will arrive in time. So, I have to spend at least 150€ for flights and not work for a day just for a chance for my vote to be cast? Is this a joke?#germany #election #germanelection2025",germany,0,0,1,2025-02-14
714,87,114000677130145370,2025-02-14 05:51:25+00:00,en,113877098310750965,"Just got an email from the German embassy in Jakarta. I live in Bali and asked for my election papers to be sent to the consulate in Bali. In a nutshell, because time is so short, they will not send it to Bali; instead, I have to fly to Jakarta and cast my vote on Monday, with no guarantee my vote will arrive in time. So, I have to spend at least 150€ for flights and not work for a day just for a chance for my vote to be cast? Is this a joke?#germany #election #germanelection2025",election,0,0,1,2025-02-14
715,87,114000677130145370,2025-02-14 05:51:25+00:00,en,113877098310750965,"Just got an email from the German embassy in Jakarta. I live in Bali and asked for my election papers to be sent to the consulate in Bali. In a nutshell, because time is so short, they will not send it to Bali; instead, I have to fly to Jakarta and cast my vote on Monday, with no guarantee my vote will arrive in time. So, I have to spend at least 150€ for flights and not work for a day just for a chance for my vote to be cast? Is this a joke?#germany #election #germanelection2025",germanelection2025,0,0,1,2025-02-14
819,99,113990511563445739,2025-02-12 10:46:09+00:00,de,109290450656997971,"Excellent ! In #Germany hundreds and thousands take to the streets, demonstrating against conservative party‘s #fascicst turn. #CDU / #CSU were attempting to establish a majority for anti-migration law counting on the votes of anti-EU, anti-democratic right-wing party in parliament. #nazisraus #AfDVerbot_Jetzt #GermanElection2025",germany,0,0,1,2025-02-12
820,99,113990511563445739,2025-02-12 10:46:09+00:00,de,109290450656997971,"Excellent ! In #Germany hundreds and thousands take to the streets, demonstrating against conservative party‘s #fascicst turn. #CDU / #CSU were attempting to establish a majority for anti-migration law counting on the votes of anti-EU, anti-democratic right-wing party in parliament. #nazisraus #AfDVerbot_Jetzt #GermanElection2025",fascicst,0,0,1,2025-02-12
821,99,113990511563445739,2025-02-12 10:46:09+00:00,de,109290450656997971,"Excellent ! In #Germany hundreds and thousands take to the streets, demonstrating against conservative party‘s #fascicst turn. #CDU / #CSU were attempting to establish a majority for anti-migration law counting on the votes of anti-EU, anti-democratic right-wing party in parliament. #nazisraus #AfDVerbot_Jetzt #GermanElection2025",cdu,0,0,1,2025-02-12
822,99,113990511563445739,2025-02-12 10:46:09+00:00,de,109290450656997971,"Excellent ! In #Germany hundreds and thousands take to the streets, demonstrating against conservative party‘s #fascicst turn. #CDU / #CSU were attempting to establish a majority for anti-migration law counting on the votes of anti-EU, anti-democratic right-wing party in parliament. #nazisraus #AfDVerbot_Jetzt #GermanElection2025",csu,0,0,1,2025-02-12
823,99,113990511563445739,2025-02-12 10:46:09+00:00,de,109290450656997971,"Excellent ! In #Germany hundreds and thousands take to the streets, demonstrating against conservative party‘s #fascicst turn. #CDU / #CSU were attempting to establish a majority for anti-migration law counting on the votes of anti-EU, anti-democratic right-wing party in parliament. #nazisraus #AfDVerbot_Jetzt #GermanElection2025",nazisraus,0,0,1,2025-02-12
824,99,113990511563445739,2025-02-12 10:46:09+00:00,de,109290450656997971,"Excellent ! In #Germany hundreds and thousands take to the streets, demonstrating against conservative party‘s #fascicst turn. #CDU / #CSU were attempting to establish a majority for anti-migration law counting on the votes of anti-EU, anti-democratic right-wing party in parliament. #nazisraus #AfDVerbot_Jetzt #GermanElection2025",afdverbot_jetzt,0,0,1,2025-02-12
825,99,113990511563445739,2025-02-12 10:46:09+00:00,de,109290450656997971,"Excellent ! In #Germany hundreds and thousands take to the streets, demonstrating against conservative party‘s #fascicst turn. #CDU / #CSU were attempting to establish a majority for anti-migration law counting on the votes of anti-EU, anti-democratic right-wing party in parliament. #nazisraus #AfDVerbot_Jetzt #GermanElection2025",germanelection2025,0,0,1,2025-02-12
856,103,113987965123030379,2025-02-11 23:58:35+00:00,en,110140637724501718,"Sales of Tesla cars are plummeting in Germany. January saw a 59% decrease year-on-year according to the country's Federal Motor Transport Authority, while the wider EV market was up 54% in the same time period. @euronews attributes the decline to CEO Elon Musk's support for the far-right AfD party ahead of Germany's upcoming federal election. Here's more.https://flip.it/MEAwGF#Tesla #ElectricVehicles #EV #ElonMusk #Tech #Germany #GermanPolitics #GermanElection2025",tesla,3,0,8,2025-02-11
857,103,113987965123030379,2025-02-11 23:58:35+00:00,en,110140637724501718,"Sales of Tesla cars are plummeting in Germany. January saw a 59% decrease year-on-year according to the country's Federal Motor Transport Authority, while the wider EV market was up 54% in the same time period. @euronews attributes the decline to CEO Elon Musk's support for the far-right AfD party ahead of Germany's upcoming federal election. Here's more.https://flip.it/MEAwGF#Tesla #ElectricVehicles #EV #ElonMusk #Tech #Germany #GermanPolitics #GermanElection2025",ElectricVehicles,3,0,8,2025-02-11
858,103,113987965123030379,2025-02-11 23:58:35+00:00,en,110140637724501718,"Sales of Tesla cars are plummeting in Germany. January saw a 59% decrease year-on-year according to the country's Federal Motor Transport Authority, while the wider EV market was up 54% in the same time period. @euronews attributes the decline to CEO Elon Musk's support for the far-right AfD party ahead of Germany's upcoming federal election. Here's more.https://flip.it/MEAwGF#Tesla #ElectricVehicles #EV #ElonMusk #Tech #Germany #GermanPolitics #GermanElection2025",ev,3,0,8,2025-02-11
859,103,113987965123030379,2025-02-11 23:58:35+00:00,en,110140637724501718,"Sales of Tesla cars are plummeting in Germany. January saw a 59% decrease year-on-year according to the country's Federal Motor Transport Authority, while the wider EV market was up 54% in the same time period. @euronews attributes the decline to CEO Elon Musk's support for the far-right AfD party ahead of Germany's upcoming federal election. Here's more.https://flip.it/MEAwGF#Tesla #ElectricVehicles #EV #ElonMusk #Tech #Germany #GermanPolitics #GermanElection2025",ElonMusk,3,0,8,2025-02-11
860,103,113987965123030379,2025-02-11 23:58:35+00:00,en,110140637724501718,"Sales of Tesla cars are plummeting in Germany. January saw a 59% decrease year-on-year according to the country's Federal Motor Transport Authority, while the wider EV market was up 54% in the same time period. @euronews attributes the decline to CEO Elon Musk's support for the far-right AfD party ahead of Germany's upcoming federal election. Here's more.https://flip.it/MEAwGF#Tesla #ElectricVehicles #EV #ElonMusk #Tech #Germany #GermanPolitics #GermanElection2025",tech,3,0,8,2025-02-11
861,103,113987965123030379,2025-02-11 23:58:35+00:00,en,110140637724501718,"Sales of Tesla cars are plummeting in Germany. January saw a 59% decrease year-on-year according to the country's Federal Motor Transport Authority, while the wider EV market was up 54% in the same time period. @euronews attributes the decline to CEO Elon Musk's support for the far-right AfD party ahead of Germany's upcoming federal election. Here's more.https://flip.it/MEAwGF#Tesla #ElectricVehicles #EV #ElonMusk #Tech #Germany #GermanPolitics #GermanElection2025",germany,3,0,8,2025-02-11
862,103,113987965123030379,2025-02-11 23:58:35+00:00,en,110140637724501718,"Sales of Tesla cars are plummeting in Germany. January saw a 59% decrease year-on-year according to the country's Federal Motor Transport Authority, while the wider EV market was up 54% in the same time period. @euronews attributes the decline to CEO Elon Musk's support for the far-right AfD party ahead of Germany's upcoming federal election. Here's more.https://flip.it/MEAwGF#Tesla #ElectricVehicles #EV #ElonMusk #Tech #Germany #GermanPolitics #GermanElection2025",germanpolitics,3,0,8,2025-02-11
863,103,113987965123030379,2025-02-11 23:58:35+00:00,en,110140637724501718,"Sales of Tesla cars are plummeting in Germany. January saw a 59% decrease year-on-year according to the country's Federal Motor Transport Authority, while the wider EV market was up 54% in the same time period. @euronews attributes the decline to CEO Elon Musk's support for the far-right AfD party ahead of Germany's upcoming federal election. Here's more.https://flip.it/MEAwGF#Tesla #ElectricVehicles #EV #ElonMusk #Tech #Germany #GermanPolitics #GermanElection2025",germanelection2025,3,0,8,2025-02-11
879,105,113979994073889513,2025-02-10 14:11:26+00:00,en,112159887740426748,"The political divide in Germany still exists along basically the same border, but instead of being divided between capitalism and communism, it's divided between center-right institutionalism and far-right populism.https://yougov.co.uk/international/articles/51394-first-yougov-mrp-model-of-the-2025-german-election-shows-gains-for-right#germany #germanelection2025 #cdu #afd #eastandwest",germanelection2025,0,0,1,2025-02-10
880,105,113979994073889513,2025-02-10 14:11:26+00:00,en,112159887740426748,"The political divide in Germany still exists along basically the same border, but instead of being divided between capitalism and communism, it's divided between center-right institutionalism and far-right populism.https://yougov.co.uk/international/articles/51394-first-yougov-mrp-model-of-the-2025-german-election-shows-gains-for-right#germany #germanelection2025 #cdu #afd #eastandwest",cdu,0,0,1,2025-02-10
881,105,113979994073889513,2025-02-10 14:11:26+00:00,en,112159887740426748,"The political divide in Germany still exists along basically the same border, but instead of being divided between capitalism and communism, it's divided between center-right institutionalism and far-right populism.https://yougov.co.uk/international/articles/51394-first-yougov-mrp-model-of-the-2025-german-election-shows-gains-for-right#germany #germanelection2025 #cdu #afd #eastandwest",afd,0,0,1,2025-02-10
882,105,113979994073889513,2025-02-10 14:11:26+00:00,en,112159887740426748,"The political divide in Germany still exists along basically the same border, but instead of being divided between capitalism and communism, it's divided between center-right institutionalism and far-right populism.https://yougov.co.uk/international/articles/51394-first-yougov-mrp-model-of-the-2025-german-election-shows-gains-for-right#germany #germanelection2025 #cdu #afd #eastandwest",eastandwest,0,0,1,2025-02-10
883,105,113979994073889513,2025-02-10 14:11:26+00:00,en,112159887740426748,"The political divide in Germany still exists along basically the same border, but instead of being divided between capitalism and communism, it's divided between center-right institutionalism and far-right populism.https://yougov.co.uk/international/articles/51394-first-yougov-mrp-model-of-the-2025-german-election-shows-gains-for-right#germany #germanelection2025 #cdu #afd #eastandwest",germany,0,0,1,2025-02-10
892,107,113977515890800599,2025-02-10 03:41:11+00:00,en,110783342747600899,#putin #Kremlin# is attacking #germanelection2025 #germany #GermanyElection #sabotagehttps://www.politico.eu/article/germany-hit-by-suspected-russia-backed-sabotage-campaign/,putin,0,0,9,2025-02-10
893,107,113977515890800599,2025-02-10 03:41:11+00:00,en,110783342747600899,#putin #Kremlin# is attacking #germanelection2025 #germany #GermanyElection #sabotagehttps://www.politico.eu/article/germany-hit-by-suspected-russia-backed-sabotage-campaign/,kremlin,0,0,9,2025-02-10
894,107,113977515890800599,2025-02-10 03:41:11+00:00,en,110783342747600899,#putin #Kremlin# is attacking #germanelection2025 #germany #GermanyElection #sabotagehttps://www.politico.eu/article/germany-hit-by-suspected-russia-backed-sabotage-campaign/,germanelection2025,0,0,9,2025-02-10
895,107,113977515890800599,2025-02-10 03:41:11+00:00,en,110783342747600899,#putin #Kremlin# is attacking #germanelection2025 #germany #GermanyElection #sabotagehttps://www.politico.eu/article/germany-hit-by-suspected-russia-backed-sabotage-campaign/,germany,0,0,9,2025-02-10
896,107,113977515890800599,2025-02-10 03:41:11+00:00,en,110783342747600899,#putin #Kremlin# is attacking #germanelection2025 #germany #GermanyElection #sabotagehttps://www.politico.eu/article/germany-hit-by-suspected-russia-backed-sabotage-campaign/,germanyelection,0,0,9,2025-02-10
897,107,113977515890800599,2025-02-10 03:41:11+00:00,en,110783342747600899,#putin #Kremlin# is attacking #germanelection2025 #germany #GermanyElection #sabotagehttps://www.politico.eu/article/germany-hit-by-suspected-russia-backed-sabotage-campaign/,sabotage,0,0,9,2025-02-10
938,110,113975786846629128,2025-02-09 20:21:29+00:00,en,109875663036298979,"Tried watching the German #TVDuell. After 30 minutes I switched it off again. Unbelievable one of these two guys (tempted to say ""clowns"") is meant to lead #Germany for the next years. #politics #Merz #Scholz #germanelection2025",tvduell,0,0,0,2025-02-09
939,110,113975786846629128,2025-02-09 20:21:29+00:00,en,109875663036298979,"Tried watching the German #TVDuell. After 30 minutes I switched it off again. Unbelievable one of these two guys (tempted to say ""clowns"") is meant to lead #Germany for the next years. #politics #Merz #Scholz #germanelection2025",germany,0,0,0,2025-02-09
940,110,113975786846629128,2025-02-09 20:21:29+00:00,en,109875663036298979,"Tried watching the German #TVDuell. After 30 minutes I switched it off again. Unbelievable one of these two guys (tempted to say ""clowns"") is meant to lead #Germany for the next years. #politics #Merz #Scholz #germanelection2025",politics,0,0,0,2025-02-09
941,110,113975786846629128,2025-02-09 20:21:29+00:00,en,109875663036298979,"Tried watching the German #TVDuell. After 30 minutes I switched it off again. Unbelievable one of these two guys (tempted to say ""clowns"") is meant to lead #Germany for the next years. #politics #Merz #Scholz #germanelection2025",merz,0,0,0,2025-02-09
942,110,113975786846629128,2025-02-09 20:21:29+00:00,en,109875663036298979,"Tried watching the German #TVDuell. After 30 minutes I switched it off again. Unbelievable one of these two guys (tempted to say ""clowns"") is meant to lead #Germany for the next years. #politics #Merz #Scholz #germanelection2025",scholz,0,0,0,2025-02-09
943,110,113975786846629128,2025-02-09 20:21:29+00:00,en,109875663036298979,"Tried watching the German #TVDuell. After 30 minutes I switched it off again. Unbelievable one of these two guys (tempted to say ""clowns"") is meant to lead #Germany for the next years. #politics #Merz #Scholz #germanelection2025",germanelection2025,0,0,0,2025-02-09
950,112,113961485666045350,2025-02-07 07:44:29+00:00,en,109293222673877100,"The voting advice app #WahlOMat for the upcoming #GermanElection2025 is available now.Apparently, I am a pirate… 🏴‍☠️🦜😁#DEpol #politics #BTW25 #FckAfD #Arrrr",wahlomat,0,0,1,2025-02-07
951,112,113961485666045350,2025-02-07 07:44:29+00:00,en,109293222673877100,"The voting advice app #WahlOMat for the upcoming #GermanElection2025 is available now.Apparently, I am a pirate… 🏴‍☠️🦜😁#DEpol #politics #BTW25 #FckAfD #Arrrr",germanelection2025,0,0,1,2025-02-07
952,112,113961485666045350,2025-02-07 07:44:29+00:00,en,109293222673877100,"The voting advice app #WahlOMat for the upcoming #GermanElection2025 is available now.Apparently, I am a pirate… 🏴‍☠️🦜😁#DEpol #politics #BTW25 #FckAfD #Arrrr",depol,0,0,1,2025-02-07
953,112,113961485666045350,2025-02-07 07:44:29+00:00,en,109293222673877100,"The voting advice app #WahlOMat for the upcoming #GermanElection2025 is available now.Apparently, I am a pirate… 🏴‍☠️🦜😁#DEpol #politics #BTW25 #FckAfD #Arrrr",politics,0,0,1,2025-02-07
954,112,113961485666045350,2025-02-07 07:44:29+00:00,en,109293222673877100,"The voting advice app #WahlOMat for the upcoming #GermanElection2025 is available now.Apparently, I am a pirate… 🏴‍☠️🦜😁#DEpol #politics #BTW25 #FckAfD #Arrrr",BTW25,0,0,1,2025-02-07
955,112,113961485666045350,2025-02-07 07:44:29+00:00,en,109293222673877100,"The voting advice app #WahlOMat for the upcoming #GermanElection2025 is available now.Apparently, I am a pirate… 🏴‍☠️🦜😁#DEpol #politics #BTW25 #FckAfD #Arrrr",fckafd,0,0,1,2025-02-07
956,112,113961485666045350,2025-02-07 07:44:29+00:00,en,109293222673877100,"The voting advice app #WahlOMat for the upcoming #GermanElection2025 is available now.Apparently, I am a pirate… 🏴‍☠️🦜😁#DEpol #politics #BTW25 #FckAfD #Arrrr",arrrr,0,0,1,2025-02-07
1002,117,113951846504575581,2025-02-05 14:53:04+00:00,en,112202858501840236,"Russia supported sabotage spree in Germany to roil election campaign, report says – POLITICO https://www.byteseu.com/717222/ #BosniaHerzegovina #Cars #Disinformation #Elections #ElectionsInEurope #GermanElection2025 #Germany #Intelligence #RobertHabeck #Russia #Serbia #WarInUkraine",WARINUKRAINE,0,0,2,2025-02-05
1003,117,113951846504575581,2025-02-05 14:53:04+00:00,en,112202858501840236,"Russia supported sabotage spree in Germany to roil election campaign, report says – POLITICO https://www.byteseu.com/717222/ #BosniaHerzegovina #Cars #Disinformation #Elections #ElectionsInEurope #GermanElection2025 #Germany #Intelligence #RobertHabeck #Russia #Serbia #WarInUkraine",BosniaHerzegovina,0,0,2,2025-02-05
1004,117,113951846504575581,2025-02-05 14:53:04+00:00,en,112202858501840236,"Russia supported sabotage spree in Germany to roil election campaign, report says – POLITICO https://www.byteseu.com/717222/ #BosniaHerzegovina #Cars #Disinformation #Elections #ElectionsInEurope #GermanElection2025 #Germany #Intelligence #RobertHabeck #Russia #Serbia #WarInUkraine",cars,0,0,2,2025-02-05
1005,117,113951846504575581,2025-02-05 14:53:04+00:00,en,112202858501840236,"Russia supported sabotage spree in Germany to roil election campaign, report says – POLITICO https://www.byteseu.com/717222/ #BosniaHerzegovina #Cars #Disinformation #Elections #ElectionsInEurope #GermanElection2025 #Germany #Intelligence #RobertHabeck #Russia #Serbia #WarInUkraine",disinformation,0,0,2,2025-02-05
1006,117,113951846504575581,2025-02-05 14:53:04+00:00,en,112202858501840236,"Russia supported sabotage spree in Germany to roil election campaign, report says – POLITICO https://www.byteseu.com/717222/ #BosniaHerzegovina #Cars #Disinformation #Elections #ElectionsInEurope #GermanElection2025 #Germany #Intelligence #RobertHabeck #Russia #Serbia #WarInUkraine",elections,0,0,2,2025-02-05
1007,117,113951846504575581,2025-02-05 14:53:04+00:00,en,112202858501840236,"Russia supported sabotage spree in Germany to roil election campaign, report says – POLITICO https://www.byteseu.com/717222/ #BosniaHerzegovina #Cars #Disinformation #Elections #ElectionsInEurope #GermanElection2025 #Germany #Intelligence #RobertHabeck #Russia #Serbia #WarInUkraine",electionsineurope,0,0,2,2025-02-05
1008,117,113951846504575581,2025-02-05 14:53:04+00:00,en,112202858501840236,"Russia supported sabotage spree in Germany to roil election campaign, report says – POLITICO https://www.byteseu.com/717222/ #BosniaHerzegovina #Cars #Disinformation #Elections #ElectionsInEurope #GermanElection2025 #Germany #Intelligence #RobertHabeck #Russia #Serbia #WarInUkraine",germanelection2025,0,0,2,2025-02-05
1009,117,113951846504575581,2025-02-05 14:53:04+00:00,en,112202858501840236,"Russia supported sabotage spree in Germany to roil election campaign, report says – POLITICO https://www.byteseu.com/717222/ #BosniaHerzegovina #Cars #Disinformation #Elections #ElectionsInEurope #GermanElection2025 #Germany #Intelligence #RobertHabeck #Russia #Serbia #WarInUkraine",germany,0,0,2,2025-02-05
1010,117,113951846504575581,2025-02-05 14:53:04+00:00,en,112202858501840236,"Russia supported sabotage spree in Germany to roil election campaign, report says – POLITICO https://www.byteseu.com/717222/ #BosniaHerzegovina #Cars #Disinformation #Elections #ElectionsInEurope #GermanElection2025 #Germany #Intelligence #RobertHabeck #Russia #Serbia #WarInUkraine",intelligence,0,0,2,2025-02-05
1011,117,113951846504575581,2025-02-05 14:53:04+00:00,en,112202858501840236,"Russia supported sabotage spree in Germany to roil election campaign, report says – POLITICO https://www.byteseu.com/717222/ #BosniaHerzegovina #Cars #Disinformation #Elections #ElectionsInEurope #GermanElection2025 #Germany #Intelligence #RobertHabeck #Russia #Serbia #WarInUkraine",RobertHabeck,0,0,2,2025-02-05
1012,117,113951846504575581,2025-02-05 14:53:04+00:00,en,112202858501840236,"Russia supported sabotage spree in Germany to roil election campaign, report says – POLITICO https://www.byteseu.com/717222/ #BosniaHerzegovina #Cars #Disinformation #Elections #ElectionsInEurope #GermanElection2025 #Germany #Intelligence #RobertHabeck #Russia #Serbia #WarInUkraine",russia,0,0,2,2025-02-05
1013,117,113951846504575581,2025-02-05 14:53:04+00:00,en,112202858501840236,"Russia supported sabotage spree in Germany to roil election campaign, report says – POLITICO https://www.byteseu.com/717222/ #BosniaHerzegovina #Cars #Disinformation #Elections #ElectionsInEurope #GermanElection2025 #Germany #Intelligence #RobertHabeck #Russia #Serbia #WarInUkraine",serbia,0,0,2,2025-02-05
1036,121,113940081738055724,2025-02-03 13:01:05+00:00,en,112202858501840236,Austria’s Kurz blames Merkel for far-right AfD rise in Germany – POLITICO https://www.byteseu.com/710865/ #AngelaMerkel #Austria #AustrianPolitics #FarRight #FriedrichMerz #GermanElection2025 #GermanPolitics #Germany #Migration #SebastianKurz,angelamerkel,0,0,0,2025-02-03
1037,121,113940081738055724,2025-02-03 13:01:05+00:00,en,112202858501840236,Austria’s Kurz blames Merkel for far-right AfD rise in Germany – POLITICO https://www.byteseu.com/710865/ #AngelaMerkel #Austria #AustrianPolitics #FarRight #FriedrichMerz #GermanElection2025 #GermanPolitics #Germany #Migration #SebastianKurz,austria,0,0,0,2025-02-03
1038,121,113940081738055724,2025-02-03 13:01:05+00:00,en,112202858501840236,Austria’s Kurz blames Merkel for far-right AfD rise in Germany – POLITICO https://www.byteseu.com/710865/ #AngelaMerkel #Austria #AustrianPolitics #FarRight #FriedrichMerz #GermanElection2025 #GermanPolitics #Germany #Migration #SebastianKurz,austrianpolitics,0,0,0,2025-02-03
1039,121,113940081738055724,2025-02-03 13:01:05+00:00,en,112202858501840236,Austria’s Kurz blames Merkel for far-right AfD rise in Germany – POLITICO https://www.byteseu.com/710865/ #AngelaMerkel #Austria #AustrianPolitics #FarRight #FriedrichMerz #GermanElection2025 #GermanPolitics #Germany #Migration #SebastianKurz,farright,0,0,0,2025-02-03
1040,121,113940081738055724,2025-02-03 13:01:05+00:00,en,112202858501840236,Austria’s Kurz blames Merkel for far-right AfD rise in Germany – POLITICO https://www.byteseu.com/710865/ #AngelaMerkel #Austria #AustrianPolitics #FarRight #FriedrichMerz #GermanElection2025 #GermanPolitics #Germany #Migration #SebastianKurz,friedrichmerz,0,0,0,2025-02-03
1041,121,113940081738055724,2025-02-03 13:01:05+00:00,en,112202858501840236,Austria’s Kurz blames Merkel for far-right AfD rise in Germany – POLITICO https://www.byteseu.com/710865/ #AngelaMerkel #Austria #AustrianPolitics #FarRight #FriedrichMerz #GermanElection2025 #GermanPolitics #Germany #Migration #SebastianKurz,germanelection2025,0,0,0,2025-02-03
1042,121,113940081738055724,2025-02-03 13:01:05+00:00,en,112202858501840236,Austria’s Kurz blames Merkel for far-right AfD rise in Germany – POLITICO https://www.byteseu.com/710865/ #AngelaMerkel #Austria #AustrianPolitics #FarRight #FriedrichMerz #GermanElection2025 #GermanPolitics #Germany #Migration #SebastianKurz,germanpolitics,0,0,0,2025-02-03
1043,121,113940081738055724,2025-02-03 13:01:05+00:00,en,112202858501840236,Austria’s Kurz blames Merkel for far-right AfD rise in Germany – POLITICO https://www.byteseu.com/710865/ #AngelaMerkel #Austria #AustrianPolitics #FarRight #FriedrichMerz #GermanElection2025 #GermanPolitics #Germany #Migration #SebastianKurz,germany,0,0,0,2025-02-03
1044,121,113940081738055724,2025-02-03 13:01:05+00:00,en,112202858501840236,Austria’s Kurz blames Merkel for far-right AfD rise in Germany – POLITICO https://www.byteseu.com/710865/ #AngelaMerkel #Austria #AustrianPolitics #FarRight #FriedrichMerz #GermanElection2025 #GermanPolitics #Germany #Migration #SebastianKurz,migration,0,0,0,2025-02-03
1045,121,113940081738055724,2025-02-03 13:01:05+00:00,en,112202858501840236,Austria’s Kurz blames Merkel for far-right AfD rise in Germany – POLITICO https://www.byteseu.com/710865/ #AngelaMerkel #Austria #AustrianPolitics #FarRight #FriedrichMerz #GermanElection2025 #GermanPolitics #Germany #Migration #SebastianKurz,sebastiankurz,0,0,0,2025-02-03
1053,123,113937809404828098,2025-02-03 03:23:07+00:00,en,112202858501840236,German far right may benefit most from Merz’s self-inflicted wound – POLITICO https://www.byteseu.com/709679/ #AliceWeidel #AngelaMerkel #Asylum #Austria #Borders #Elections #FarRight #FriedrichMerz #GermanElection2025 #Germany #history #Immigration #Migration #OlafScholz #Parliament #Refugees #Rights #RobertHabeck #TheNetherlands,aliceweidel,0,0,1,2025-02-03
1054,123,113937809404828098,2025-02-03 03:23:07+00:00,en,112202858501840236,German far right may benefit most from Merz’s self-inflicted wound – POLITICO https://www.byteseu.com/709679/ #AliceWeidel #AngelaMerkel #Asylum #Austria #Borders #Elections #FarRight #FriedrichMerz #GermanElection2025 #Germany #history #Immigration #Migration #OlafScholz #Parliament #Refugees #Rights #RobertHabeck #TheNetherlands,angelamerkel,0,0,1,2025-02-03
1055,123,113937809404828098,2025-02-03 03:23:07+00:00,en,112202858501840236,German far right may benefit most from Merz’s self-inflicted wound – POLITICO https://www.byteseu.com/709679/ #AliceWeidel #AngelaMerkel #Asylum #Austria #Borders #Elections #FarRight #FriedrichMerz #GermanElection2025 #Germany #history #Immigration #Migration #OlafScholz #Parliament #Refugees #Rights #RobertHabeck #TheNetherlands,asylum,0,0,1,2025-02-03
1056,123,113937809404828098,2025-02-03 03:23:07+00:00,en,112202858501840236,German far right may benefit most from Merz’s self-inflicted wound – POLITICO https://www.byteseu.com/709679/ #AliceWeidel #AngelaMerkel #Asylum #Austria #Borders #Elections #FarRight #FriedrichMerz #GermanElection2025 #Germany #history #Immigration #Migration #OlafScholz #Parliament #Refugees #Rights #RobertHabeck #TheNetherlands,austria,0,0,1,2025-02-03
1057,123,113937809404828098,2025-02-03 03:23:07+00:00,en,112202858501840236,German far right may benefit most from Merz’s self-inflicted wound – POLITICO https://www.byteseu.com/709679/ #AliceWeidel #AngelaMerkel #Asylum #Austria #Borders #Elections #FarRight #FriedrichMerz #GermanElection2025 #Germany #history #Immigration #Migration #OlafScholz #Parliament #Refugees #Rights #RobertHabeck #TheNetherlands,borders,0,0,1,2025-02-03
1058,123,113937809404828098,2025-02-03 03:23:07+00:00,en,112202858501840236,German far right may benefit most from Merz’s self-inflicted wound – POLITICO https://www.byteseu.com/709679/ #AliceWeidel #AngelaMerkel #Asylum #Austria #Borders #Elections #FarRight #FriedrichMerz #GermanElection2025 #Germany #history #Immigration #Migration #OlafScholz #Parliament #Refugees #Rights #RobertHabeck #TheNetherlands,elections,0,0,1,2025-02-03
1059,123,113937809404828098,2025-02-03 03:23:07+00:00,en,112202858501840236,German far right may benefit most from Merz’s self-inflicted wound – POLITICO https://www.byteseu.com/709679/ #AliceWeidel #AngelaMerkel #Asylum #Austria #Borders #Elections #FarRight #FriedrichMerz #GermanElection2025 #Germany #history #Immigration #Migration #OlafScholz #Parliament #Refugees #Rights #RobertHabeck #TheNetherlands,farright,0,0,1,2025-02-03
1060,123,113937809404828098,2025-02-03 03:23:07+00:00,en,112202858501840236,German far right may benefit most from Merz’s self-inflicted wound – POLITICO https://www.byteseu.com/709679/ #AliceWeidel #AngelaMerkel #Asylum #Austria #Borders #Elections #FarRight #FriedrichMerz #GermanElection2025 #Germany #history #Immigration #Migration #OlafScholz #Parliament #Refugees #Rights #RobertHabeck #TheNetherlands,friedrichmerz,0,0,1,2025-02-03
1061,123,113937809404828098,2025-02-03 03:23:07+00:00,en,112202858501840236,German far right may benefit most from Merz’s self-inflicted wound – POLITICO https://www.byteseu.com/709679/ #AliceWeidel #AngelaMerkel #Asylum #Austria #Borders #Elections #FarRight #FriedrichMerz #GermanElection2025 #Germany #history #Immigration #Migration #OlafScholz #Parliament #Refugees #Rights #RobertHabeck #TheNetherlands,germanelection2025,0,0,1,2025-02-03
1062,123,113937809404828098,2025-02-03 03:23:07+00:00,en,112202858501840236,German far right may benefit most from Merz’s self-inflicted wound – POLITICO https://www.byteseu.com/709679/ #AliceWeidel #AngelaMerkel #Asylum #Austria #Borders #Elections #FarRight #FriedrichMerz #GermanElection2025 #Germany #history #Immigration #Migration #OlafScholz #Parliament #Refugees #Rights #RobertHabeck #TheNetherlands,germany,0,0,1,2025-02-03
1063,123,113937809404828098,2025-02-03 03:23:07+00:00,en,112202858501840236,German far right may benefit most from Merz’s self-inflicted wound – POLITICO https://www.byteseu.com/709679/ #AliceWeidel #AngelaMerkel #Asylum #Austria #Borders #Elections #FarRight #FriedrichMerz #GermanElection2025 #Germany #history #Immigration #Migration #OlafScholz #Parliament #Refugees #Rights #RobertHabeck #TheNetherlands,history,0,0,1,2025-02-03
1064,123,113937809404828098,2025-02-03 03:23:07+00:00,en,112202858501840236,German far right may benefit most from Merz’s self-inflicted wound – POLITICO https://www.byteseu.com/709679/ #AliceWeidel #AngelaMerkel #Asylum #Austria #Borders #Elections #FarRight #FriedrichMerz #GermanElection2025 #Germany #history #Immigration #Migration #OlafScholz #Parliament #Refugees #Rights #RobertHabeck #TheNetherlands,immigration,0,0,1,2025-02-03
1065,123,113937809404828098,2025-02-03 03:23:07+00:00,en,112202858501840236,German far right may benefit most from Merz’s self-inflicted wound – POLITICO https://www.byteseu.com/709679/ #AliceWeidel #AngelaMerkel #Asylum #Austria #Borders #Elections #FarRight #FriedrichMerz #GermanElection2025 #Germany #history #Immigration #Migration #OlafScholz #Parliament #Refugees #Rights #RobertHabeck #TheNetherlands,migration,0,0,1,2025-02-03
1066,123,113937809404828098,2025-02-03 03:23:07+00:00,en,112202858501840236,German far right may benefit most from Merz’s self-inflicted wound – POLITICO https://www.byteseu.com/709679/ #AliceWeidel #AngelaMerkel #Asylum #Austria #Borders #Elections #FarRight #FriedrichMerz #GermanElection2025 #Germany #history #Immigration #Migration #OlafScholz #Parliament #Refugees #Rights #RobertHabeck #TheNetherlands,olafscholz,0,0,1,2025-02-03
1067,123,113937809404828098,2025-02-03 03:23:07+00:00,en,112202858501840236,German far right may benefit most from Merz’s self-inflicted wound – POLITICO https://www.byteseu.com/709679/ #AliceWeidel #AngelaMerkel #Asylum #Austria #Borders #Elections #FarRight #FriedrichMerz #GermanElection2025 #Germany #history #Immigration #Migration #OlafScholz #Parliament #Refugees #Rights #RobertHabeck #TheNetherlands,parliament,0,0,1,2025-02-03
1068,123,113937809404828098,2025-02-03 03:23:07+00:00,en,112202858501840236,German far right may benefit most from Merz’s self-inflicted wound – POLITICO https://www.byteseu.com/709679/ #AliceWeidel #AngelaMerkel #Asylum #Austria #Borders #Elections #FarRight #FriedrichMerz #GermanElection2025 #Germany #history #Immigration #Migration #OlafScholz #Parliament #Refugees #Rights #RobertHabeck #TheNetherlands,refugees,0,0,1,2025-02-03
1069,123,113937809404828098,2025-02-03 03:23:07+00:00,en,112202858501840236,German far right may benefit most from Merz’s self-inflicted wound – POLITICO https://www.byteseu.com/709679/ #AliceWeidel #AngelaMerkel #Asylum #Austria #Borders #Elections #FarRight #FriedrichMerz #GermanElection2025 #Germany #history #Immigration #Migration #OlafScholz #Parliament #Refugees #Rights #RobertHabeck #TheNetherlands,rights,0,0,1,2025-02-03
1070,123,113937809404828098,2025-02-03 03:23:07+00:00,en,112202858501840236,German far right may benefit most from Merz’s self-inflicted wound – POLITICO https://www.byteseu.com/709679/ #AliceWeidel #AngelaMerkel #Asylum #Austria #Borders #Elections #FarRight #FriedrichMerz #GermanElection2025 #Germany #history #Immigration #Migration #OlafScholz #Parliament #Refugees #Rights #RobertHabeck #TheNetherlands,RobertHabeck,0,0,1,2025-02-03
1071,123,113937809404828098,2025-02-03 03:23:07+00:00,en,112202858501840236,German far right may benefit most from Merz’s self-inflicted wound – POLITICO https://www.byteseu.com/709679/ #AliceWeidel #AngelaMerkel #Asylum #Austria #Borders #Elections #FarRight #FriedrichMerz #GermanElection2025 #Germany #history #Immigration #Migration #OlafScholz #Parliament #Refugees #Rights #RobertHabeck #TheNetherlands,thenetherlands,0,0,1,2025-02-03
1083,125,113936903903170248,2025-02-02 23:33:02+00:00,en,113072962111088137,Germany must win. This is the chance to show the world that despite the fact that Italy couldn't learn that you can! No one can save Germany from the AfD but Germany! Vote against the AfD to make your history teachers proud if nothing else!#germanpolitics #germanelection2025,germanpolitics,0,0,0,2025-02-02
1084,125,113936903903170248,2025-02-02 23:33:02+00:00,en,113072962111088137,Germany must win. This is the chance to show the world that despite the fact that Italy couldn't learn that you can! No one can save Germany from the AfD but Germany! Vote against the AfD to make your history teachers proud if nothing else!#germanpolitics #germanelection2025,germanelection2025,0,0,0,2025-02-02
1085,126,113936697235512013,2025-02-02 22:40:27+00:00,en,112202858501840236,Germany’s Pistorius pushes back on Trump’s NATO spending demand – POLITICO https://www.byteseu.com/709084/ #BorisPistorius #Budget #Defense #DonaldTrump #Elections #Europe #GermanElection2025 #Germany #Military #NATO #Russia #Ukraine #UnitedStates,borispistorius,0,0,3,2025-02-02
1086,126,113936697235512013,2025-02-02 22:40:27+00:00,en,112202858501840236,Germany’s Pistorius pushes back on Trump’s NATO spending demand – POLITICO https://www.byteseu.com/709084/ #BorisPistorius #Budget #Defense #DonaldTrump #Elections #Europe #GermanElection2025 #Germany #Military #NATO #Russia #Ukraine #UnitedStates,budget,0,0,3,2025-02-02
1087,126,113936697235512013,2025-02-02 22:40:27+00:00,en,112202858501840236,Germany’s Pistorius pushes back on Trump’s NATO spending demand – POLITICO https://www.byteseu.com/709084/ #BorisPistorius #Budget #Defense #DonaldTrump #Elections #Europe #GermanElection2025 #Germany #Military #NATO #Russia #Ukraine #UnitedStates,defense,0,0,3,2025-02-02
1088,126,113936697235512013,2025-02-02 22:40:27+00:00,en,112202858501840236,Germany’s Pistorius pushes back on Trump’s NATO spending demand – POLITICO https://www.byteseu.com/709084/ #BorisPistorius #Budget #Defense #DonaldTrump #Elections #Europe #GermanElection2025 #Germany #Military #NATO #Russia #Ukraine #UnitedStates,donaldtrump,0,0,3,2025-02-02
1089,126,113936697235512013,2025-02-02 22:40:27+00:00,en,112202858501840236,Germany’s Pistorius pushes back on Trump’s NATO spending demand – POLITICO https://www.byteseu.com/709084/ #BorisPistorius #Budget #Defense #DonaldTrump #Elections #Europe #GermanElection2025 #Germany #Military #NATO #Russia #Ukraine #UnitedStates,elections,0,0,3,2025-02-02
1090,126,113936697235512013,2025-02-02 22:40:27+00:00,en,112202858501840236,Germany’s Pistorius pushes back on Trump’s NATO spending demand – POLITICO https://www.byteseu.com/709084/ #BorisPistorius #Budget #Defense #DonaldTrump #Elections #Europe #GermanElection2025 #Germany #Military #NATO #Russia #Ukraine #UnitedStates,europe,0,0,3,2025-02-02
1091,126,113936697235512013,2025-02-02 22:40:27+00:00,en,112202858501840236,Germany’s Pistorius pushes back on Trump’s NATO spending demand – POLITICO https://www.byteseu.com/709084/ #BorisPistorius #Budget #Defense #DonaldTrump #Elections #Europe #GermanElection2025 #Germany #Military #NATO #Russia #Ukraine #UnitedStates,germanelection2025,0,0,3,2025-02-02
1092,126,113936697235512013,2025-02-02 22:40:27+00:00,en,112202858501840236,Germany’s Pistorius pushes back on Trump’s NATO spending demand – POLITICO https://www.byteseu.com/709084/ #BorisPistorius #Budget #Defense #DonaldTrump #Elections #Europe #GermanElection2025 #Germany #Military #NATO #Russia #Ukraine #UnitedStates,germany,0,0,3,2025-02-02
1093,126,113936697235512013,2025-02-02 22:40:27+00:00,en,112202858501840236,Germany’s Pistorius pushes back on Trump’s NATO spending demand – POLITICO https://www.byteseu.com/709084/ #BorisPistorius #Budget #Defense #DonaldTrump #Elections #Europe #GermanElection2025 #Germany #Military #NATO #Russia #Ukraine #UnitedStates,military,0,0,3,2025-02-02
1094,126,113936697235512013,2025-02-02 22:40:27+00:00,en,112202858501840236,Germany’s Pistorius pushes back on Trump’s NATO spending demand – POLITICO https://www.byteseu.com/709084/ #BorisPistorius #Budget #Defense #DonaldTrump #Elections #Europe #GermanElection2025 #Germany #Military #NATO #Russia #Ukraine #UnitedStates,NATO,0,0,3,2025-02-02
1095,126,113936697235512013,2025-02-02 22:40:27+00:00,en,112202858501840236,Germany’s Pistorius pushes back on Trump’s NATO spending demand – POLITICO https://www.byteseu.com/709084/ #BorisPistorius #Budget #Defense #DonaldTrump #Elections #Europe #GermanElection2025 #Germany #Military #NATO #Russia #Ukraine #UnitedStates,russia,0,0,3,2025-02-02
1096,126,113936697235512013,2025-02-02 22:40:27+00:00,en,112202858501840236,Germany’s Pistorius pushes back on Trump’s NATO spending demand – POLITICO https://www.byteseu.com/709084/ #BorisPistorius #Budget #Defense #DonaldTrump #Elections #Europe #GermanElection2025 #Germany #Military #NATO #Russia #Ukraine #UnitedStates,ukraine,0,0,3,2025-02-02
1097,126,113936697235512013,2025-02-02 22:40:27+00:00,en,112202858501840236,Germany’s Pistorius pushes back on Trump’s NATO spending demand – POLITICO https://www.byteseu.com/709084/ #BorisPistorius #Budget #Defense #DonaldTrump #Elections #Europe #GermanElection2025 #Germany #Military #NATO #Russia #Ukraine #UnitedStates,unitedstates,0,0,3,2025-02-02
1113,129,113926511690754780,2025-02-01 03:30:04+00:00,en,112202858501840236,What is going on in Germany’s election? – POLITICO https://www.byteseu.com/703703/ #AliceWeidel #AngelaMerkel #ElonMusk #FarRight #FriedrichMerz #GermanElection2025 #GermanPolitics #Germany #Immigration #MerkelSuccession #Migration #OlafScholz,aliceweidel,0,0,1,2025-02-01
1114,129,113926511690754780,2025-02-01 03:30:04+00:00,en,112202858501840236,What is going on in Germany’s election? – POLITICO https://www.byteseu.com/703703/ #AliceWeidel #AngelaMerkel #ElonMusk #FarRight #FriedrichMerz #GermanElection2025 #GermanPolitics #Germany #Immigration #MerkelSuccession #Migration #OlafScholz,angelamerkel,0,0,1,2025-02-01
1115,129,113926511690754780,2025-02-01 03:30:04+00:00,en,112202858501840236,What is going on in Germany’s election? – POLITICO https://www.byteseu.com/703703/ #AliceWeidel #AngelaMerkel #ElonMusk #FarRight #FriedrichMerz #GermanElection2025 #GermanPolitics #Germany #Immigration #MerkelSuccession #Migration #OlafScholz,ElonMusk,0,0,1,2025-02-01
1116,129,113926511690754780,2025-02-01 03:30:04+00:00,en,112202858501840236,What is going on in Germany’s election? – POLITICO https://www.byteseu.com/703703/ #AliceWeidel #AngelaMerkel #ElonMusk #FarRight #FriedrichMerz #GermanElection2025 #GermanPolitics #Germany #Immigration #MerkelSuccession #Migration #OlafScholz,farright,0,0,1,2025-02-01
1117,129,113926511690754780,2025-02-01 03:30:04+00:00,en,112202858501840236,What is going on in Germany’s election? – POLITICO https://www.byteseu.com/703703/ #AliceWeidel #AngelaMerkel #ElonMusk #FarRight #FriedrichMerz #GermanElection2025 #GermanPolitics #Germany #Immigration #MerkelSuccession #Migration #OlafScholz,friedrichmerz,0,0,1,2025-02-01
1118,129,113926511690754780,2025-02-01 03:30:04+00:00,en,112202858501840236,What is going on in Germany’s election? – POLITICO https://www.byteseu.com/703703/ #AliceWeidel #AngelaMerkel #ElonMusk #FarRight #FriedrichMerz #GermanElection2025 #GermanPolitics #Germany #Immigration #MerkelSuccession #Migration #OlafScholz,germanelection2025,0,0,1,2025-02-01
1119,129,113926511690754780,2025-02-01 03:30:04+00:00,en,112202858501840236,What is going on in Germany’s election? – POLITICO https://www.byteseu.com/703703/ #AliceWeidel #AngelaMerkel #ElonMusk #FarRight #FriedrichMerz #GermanElection2025 #GermanPolitics #Germany #Immigration #MerkelSuccession #Migration #OlafScholz,germanpolitics,0,0,1,2025-02-01
1120,129,113926511690754780,2025-02-01 03:30:04+00:00,en,112202858501840236,What is going on in Germany’s election? – POLITICO https://www.byteseu.com/703703/ #AliceWeidel #AngelaMerkel #ElonMusk #FarRight #FriedrichMerz #GermanElection2025 #GermanPolitics #Germany #Immigration #MerkelSuccession #Migration #OlafScholz,germany,0,0,1,2025-02-01
1121,129,113926511690754780,2025-02-01 03:30:04+00:00,en,112202858501840236,What is going on in Germany’s election? – POLITICO https://www.byteseu.com/703703/ #AliceWeidel #AngelaMerkel #ElonMusk #FarRight #FriedrichMerz #GermanElection2025 #GermanPolitics #Germany #Immigration #MerkelSuccession #Migration #OlafScholz,immigration,0,0,1,2025-02-01
1122,129,113926511690754780,2025-02-01 03:30:04+00:00,en,112202858501840236,What is going on in Germany’s election? – POLITICO https://www.byteseu.com/703703/ #AliceWeidel #AngelaMerkel #ElonMusk #FarRight #FriedrichMerz #GermanElection2025 #GermanPolitics #Germany #Immigration #MerkelSuccession #Migration #OlafScholz,merkelsuccession,0,0,1,2025-02-01
1123,129,113926511690754780,2025-02-01 03:30:04+00:00,en,112202858501840236,What is going on in Germany’s election? – POLITICO https://www.byteseu.com/703703/ #AliceWeidel #AngelaMerkel #ElonMusk #FarRight #FriedrichMerz #GermanElection2025 #GermanPolitics #Germany #Immigration #MerkelSuccession #Migration #OlafScholz,migration,0,0,1,2025-02-01
1124,129,113926511690754780,2025-02-01 03:30:04+00:00,en,112202858501840236,What is going on in Germany’s election? – POLITICO https://www.byteseu.com/703703/ #AliceWeidel #AngelaMerkel #ElonMusk #FarRight #FriedrichMerz #GermanElection2025 #GermanPolitics #Germany #Immigration #MerkelSuccession #Migration #OlafScholz,olafscholz,0,0,1,2025-02-01
1189,139,113911818629888933,2025-01-29 13:13:24+00:00,en,113863040990235431,"I am ridiculously busy at work as I am expected to cover my supervisors role on top of my own without any additional training or payment because he went on parental leave and they didn’t secure a replacement in time. #capitalismAt the same time I feel like the rise of #fascism, supporting #queer and #TransRights and doing all I can to educate people before the #germanelection2025 is much more important. It is so hard to undo the #productivity programming and I am not really sure what to do here. Also I do need a #job and this one at least pays decently and I am not constantly worried about getting fired. Which as an #ActuallyAutistic person is more than I can say about previous jobs. Any advice on how to #support the #revolution while keeping my #sanity intact and still holding on to a fucking #deskjob?",capitalism,0,0,1,2025-01-29
1190,139,113911818629888933,2025-01-29 13:13:24+00:00,en,113863040990235431,"I am ridiculously busy at work as I am expected to cover my supervisors role on top of my own without any additional training or payment because he went on parental leave and they didn’t secure a replacement in time. #capitalismAt the same time I feel like the rise of #fascism, supporting #queer and #TransRights and doing all I can to educate people before the #germanelection2025 is much more important. It is so hard to undo the #productivity programming and I am not really sure what to do here. Also I do need a #job and this one at least pays decently and I am not constantly worried about getting fired. Which as an #ActuallyAutistic person is more than I can say about previous jobs. Any advice on how to #support the #revolution while keeping my #sanity intact and still holding on to a fucking #deskjob?",fascism,0,0,1,2025-01-29
1191,139,113911818629888933,2025-01-29 13:13:24+00:00,en,113863040990235431,"I am ridiculously busy at work as I am expected to cover my supervisors role on top of my own without any additional training or payment because he went on parental leave and they didn’t secure a replacement in time. #capitalismAt the same time I feel like the rise of #fascism, supporting #queer and #TransRights and doing all I can to educate people before the #germanelection2025 is much more important. It is so hard to undo the #productivity programming and I am not really sure what to do here. Also I do need a #job and this one at least pays decently and I am not constantly worried about getting fired. Which as an #ActuallyAutistic person is more than I can say about previous jobs. Any advice on how to #support the #revolution while keeping my #sanity intact and still holding on to a fucking #deskjob?",queer,0,0,1,2025-01-29
1192,139,113911818629888933,2025-01-29 13:13:24+00:00,en,113863040990235431,"I am ridiculously busy at work as I am expected to cover my supervisors role on top of my own without any additional training or payment because he went on parental leave and they didn’t secure a replacement in time. #capitalismAt the same time I feel like the rise of #fascism, supporting #queer and #TransRights and doing all I can to educate people before the #germanelection2025 is much more important. It is so hard to undo the #productivity programming and I am not really sure what to do here. Also I do need a #job and this one at least pays decently and I am not constantly worried about getting fired. Which as an #ActuallyAutistic person is more than I can say about previous jobs. Any advice on how to #support the #revolution while keeping my #sanity intact and still holding on to a fucking #deskjob?",transrights,0,0,1,2025-01-29
1193,139,113911818629888933,2025-01-29 13:13:24+00:00,en,113863040990235431,"I am ridiculously busy at work as I am expected to cover my supervisors role on top of my own without any additional training or payment because he went on parental leave and they didn’t secure a replacement in time. #capitalismAt the same time I feel like the rise of #fascism, supporting #queer and #TransRights and doing all I can to educate people before the #germanelection2025 is much more important. It is so hard to undo the #productivity programming and I am not really sure what to do here. Also I do need a #job and this one at least pays decently and I am not constantly worried about getting fired. Which as an #ActuallyAutistic person is more than I can say about previous jobs. Any advice on how to #support the #revolution while keeping my #sanity intact and still holding on to a fucking #deskjob?",germanelection2025,0,0,1,2025-01-29
1194,139,113911818629888933,2025-01-29 13:13:24+00:00,en,113863040990235431,"I am ridiculously busy at work as I am expected to cover my supervisors role on top of my own without any additional training or payment because he went on parental leave and they didn’t secure a replacement in time. #capitalismAt the same time I feel like the rise of #fascism, supporting #queer and #TransRights and doing all I can to educate people before the #germanelection2025 is much more important. It is so hard to undo the #productivity programming and I am not really sure what to do here. Also I do need a #job and this one at least pays decently and I am not constantly worried about getting fired. Which as an #ActuallyAutistic person is more than I can say about previous jobs. Any advice on how to #support the #revolution while keeping my #sanity intact and still holding on to a fucking #deskjob?",productivity,0,0,1,2025-01-29
1195,139,113911818629888933,2025-01-29 13:13:24+00:00,en,113863040990235431,"I am ridiculously busy at work as I am expected to cover my supervisors role on top of my own without any additional training or payment because he went on parental leave and they didn’t secure a replacement in time. #capitalismAt the same time I feel like the rise of #fascism, supporting #queer and #TransRights and doing all I can to educate people before the #germanelection2025 is much more important. It is so hard to undo the #productivity programming and I am not really sure what to do here. Also I do need a #job and this one at least pays decently and I am not constantly worried about getting fired. Which as an #ActuallyAutistic person is more than I can say about previous jobs. Any advice on how to #support the #revolution while keeping my #sanity intact and still holding on to a fucking #deskjob?",job,0,0,1,2025-01-29
1196,139,113911818629888933,2025-01-29 13:13:24+00:00,en,113863040990235431,"I am ridiculously busy at work as I am expected to cover my supervisors role on top of my own without any additional training or payment because he went on parental leave and they didn’t secure a replacement in time. #capitalismAt the same time I feel like the rise of #fascism, supporting #queer and #TransRights and doing all I can to educate people before the #germanelection2025 is much more important. It is so hard to undo the #productivity programming and I am not really sure what to do here. Also I do need a #job and this one at least pays decently and I am not constantly worried about getting fired. Which as an #ActuallyAutistic person is more than I can say about previous jobs. Any advice on how to #support the #revolution while keeping my #sanity intact and still holding on to a fucking #deskjob?",actuallyautistic,0,0,1,2025-01-29
1197,139,113911818629888933,2025-01-29 13:13:24+00:00,en,113863040990235431,"I am ridiculously busy at work as I am expected to cover my supervisors role on top of my own without any additional training or payment because he went on parental leave and they didn’t secure a replacement in time. #capitalismAt the same time I feel like the rise of #fascism, supporting #queer and #TransRights and doing all I can to educate people before the #germanelection2025 is much more important. It is so hard to undo the #productivity programming and I am not really sure what to do here. Also I do need a #job and this one at least pays decently and I am not constantly worried about getting fired. Which as an #ActuallyAutistic person is more than I can say about previous jobs. Any advice on how to #support the #revolution while keeping my #sanity intact and still holding on to a fucking #deskjob?",support,0,0,1,2025-01-29
1198,139,113911818629888933,2025-01-29 13:13:24+00:00,en,113863040990235431,"I am ridiculously busy at work as I am expected to cover my supervisors role on top of my own without any additional training or payment because he went on parental leave and they didn’t secure a replacement in time. #capitalismAt the same time I feel like the rise of #fascism, supporting #queer and #TransRights and doing all I can to educate people before the #germanelection2025 is much more important. It is so hard to undo the #productivity programming and I am not really sure what to do here. Also I do need a #job and this one at least pays decently and I am not constantly worried about getting fired. Which as an #ActuallyAutistic person is more than I can say about previous jobs. Any advice on how to #support the #revolution while keeping my #sanity intact and still holding on to a fucking #deskjob?",revolution,0,0,1,2025-01-29
1199,139,113911818629888933,2025-01-29 13:13:24+00:00,en,113863040990235431,"I am ridiculously busy at work as I am expected to cover my supervisors role on top of my own without any additional training or payment because he went on parental leave and they didn’t secure a replacement in time. #capitalismAt the same time I feel like the rise of #fascism, supporting #queer and #TransRights and doing all I can to educate people before the #germanelection2025 is much more important. It is so hard to undo the #productivity programming and I am not really sure what to do here. Also I do need a #job and this one at least pays decently and I am not constantly worried about getting fired. Which as an #ActuallyAutistic person is more than I can say about previous jobs. Any advice on how to #support the #revolution while keeping my #sanity intact and still holding on to a fucking #deskjob?",sanity,0,0,1,2025-01-29
1200,139,113911818629888933,2025-01-29 13:13:24+00:00,en,113863040990235431,"I am ridiculously busy at work as I am expected to cover my supervisors role on top of my own without any additional training or payment because he went on parental leave and they didn’t secure a replacement in time. #capitalismAt the same time I feel like the rise of #fascism, supporting #queer and #TransRights and doing all I can to educate people before the #germanelection2025 is much more important. It is so hard to undo the #productivity programming and I am not really sure what to do here. Also I do need a #job and this one at least pays decently and I am not constantly worried about getting fired. Which as an #ActuallyAutistic person is more than I can say about previous jobs. Any advice on how to #support the #revolution while keeping my #sanity intact and still holding on to a fucking #deskjob?",deskjob,0,0,1,2025-01-29
1238,146,113882642571978832,2025-01-24 09:33:40+00:00,en,109292945450851738,"Let’s see how this plays out for the CEOs. “Neubauer said she contacted several German CEOs to write a joint response to Musk’s article endorsing the AfD, but none accepted. She declined to name the executives she approached.”https://www.theguardian.com/environment/2025/jan/24/extreme-weather-failing-encourage-political-climate-action-luisa-neubauer#Musk #climatechange #climatecrisis #afd #antifascist #germanelection2025",musk,0,0,0,2025-01-24
1239,146,113882642571978832,2025-01-24 09:33:40+00:00,en,109292945450851738,"Let’s see how this plays out for the CEOs. “Neubauer said she contacted several German CEOs to write a joint response to Musk’s article endorsing the AfD, but none accepted. She declined to name the executives she approached.”https://www.theguardian.com/environment/2025/jan/24/extreme-weather-failing-encourage-political-climate-action-luisa-neubauer#Musk #climatechange #climatecrisis #afd #antifascist #germanelection2025",climatechange,0,0,0,2025-01-24
1240,146,113882642571978832,2025-01-24 09:33:40+00:00,en,109292945450851738,"Let’s see how this plays out for the CEOs. “Neubauer said she contacted several German CEOs to write a joint response to Musk’s article endorsing the AfD, but none accepted. She declined to name the executives she approached.”https://www.theguardian.com/environment/2025/jan/24/extreme-weather-failing-encourage-political-climate-action-luisa-neubauer#Musk #climatechange #climatecrisis #afd #antifascist #germanelection2025",ClimateCrisis,0,0,0,2025-01-24
1241,146,113882642571978832,2025-01-24 09:33:40+00:00,en,109292945450851738,"Let’s see how this plays out for the CEOs. “Neubauer said she contacted several German CEOs to write a joint response to Musk’s article endorsing the AfD, but none accepted. She declined to name the executives she approached.”https://www.theguardian.com/environment/2025/jan/24/extreme-weather-failing-encourage-political-climate-action-luisa-neubauer#Musk #climatechange #climatecrisis #afd #antifascist #germanelection2025",afd,0,0,0,2025-01-24
1242,146,113882642571978832,2025-01-24 09:33:40+00:00,en,109292945450851738,"Let’s see how this plays out for the CEOs. “Neubauer said she contacted several German CEOs to write a joint response to Musk’s article endorsing the AfD, but none accepted. She declined to name the executives she approached.”https://www.theguardian.com/environment/2025/jan/24/extreme-weather-failing-encourage-political-climate-action-luisa-neubauer#Musk #climatechange #climatecrisis #afd #antifascist #germanelection2025",AntiFascist,0,0,0,2025-01-24
1243,146,113882642571978832,2025-01-24 09:33:40+00:00,en,109292945450851738,"Let’s see how this plays out for the CEOs. “Neubauer said she contacted several German CEOs to write a joint response to Musk’s article endorsing the AfD, but none accepted. She declined to name the executives she approached.”https://www.theguardian.com/environment/2025/jan/24/extreme-weather-failing-encourage-political-climate-action-luisa-neubauer#Musk #climatechange #climatecrisis #afd #antifascist #germanelection2025",germanelection2025,0,0,0,2025-01-24
1244,147,113881759619080790,2025-01-24 05:49:08+00:00,en,112202858501840236,Merz vows migration crackdown on Day 1 as German chancellor – POLITICO https://www.byteseu.com/679958/ #Asylum #Borders #Elections #FriedrichMerz #GermanElection2025 #Germany #Immigration #Migration #Policy,asylum,0,0,0,2025-01-24
1245,147,113881759619080790,2025-01-24 05:49:08+00:00,en,112202858501840236,Merz vows migration crackdown on Day 1 as German chancellor – POLITICO https://www.byteseu.com/679958/ #Asylum #Borders #Elections #FriedrichMerz #GermanElection2025 #Germany #Immigration #Migration #Policy,borders,0,0,0,2025-01-24
1246,147,113881759619080790,2025-01-24 05:49:08+00:00,en,112202858501840236,Merz vows migration crackdown on Day 1 as German chancellor – POLITICO https://www.byteseu.com/679958/ #Asylum #Borders #Elections #FriedrichMerz #GermanElection2025 #Germany #Immigration #Migration #Policy,elections,0,0,0,2025-01-24
1247,147,113881759619080790,2025-01-24 05:49:08+00:00,en,112202858501840236,Merz vows migration crackdown on Day 1 as German chancellor – POLITICO https://www.byteseu.com/679958/ #Asylum #Borders #Elections #FriedrichMerz #GermanElection2025 #Germany #Immigration #Migration #Policy,friedrichmerz,0,0,0,2025-01-24
1248,147,113881759619080790,2025-01-24 05:49:08+00:00,en,112202858501840236,Merz vows migration crackdown on Day 1 as German chancellor – POLITICO https://www.byteseu.com/679958/ #Asylum #Borders #Elections #FriedrichMerz #GermanElection2025 #Germany #Immigration #Migration #Policy,germanelection2025,0,0,0,2025-01-24
1249,147,113881759619080790,2025-01-24 05:49:08+00:00,en,112202858501840236,Merz vows migration crackdown on Day 1 as German chancellor – POLITICO https://www.byteseu.com/679958/ #Asylum #Borders #Elections #FriedrichMerz #GermanElection2025 #Germany #Immigration #Migration #Policy,germany,0,0,0,2025-01-24
1250,147,113881759619080790,2025-01-24 05:49:08+00:00,en,112202858501840236,Merz vows migration crackdown on Day 1 as German chancellor – POLITICO https://www.byteseu.com/679958/ #Asylum #Borders #Elections #FriedrichMerz #GermanElection2025 #Germany #Immigration #Migration #Policy,immigration,0,0,0,2025-01-24
1251,147,113881759619080790,2025-01-24 05:49:08+00:00,en,112202858501840236,Merz vows migration crackdown on Day 1 as German chancellor – POLITICO https://www.byteseu.com/679958/ #Asylum #Borders #Elections #FriedrichMerz #GermanElection2025 #Germany #Immigration #Migration #Policy,migration,0,0,0,2025-01-24
1252,147,113881759619080790,2025-01-24 05:49:08+00:00,en,112202858501840236,Merz vows migration crackdown on Day 1 as German chancellor – POLITICO https://www.byteseu.com/679958/ #Asylum #Borders #Elections #FriedrichMerz #GermanElection2025 #Germany #Immigration #Migration #Policy,policy,0,0,0,2025-01-24
1261,149,113855386742261967,2025-01-19 14:02:06+00:00,en,112202858501840236,Leaked memo reveals alarming German warnings over Trump – POLITICO https://www.byteseu.com/666179/ #Algorithms #AndreasMichaelis #AnnalenaBaerbock #BigTech #Cars #Companies #Defense #DonaldTrump #Elections #ElectionsInEurope #ElonMusk #GermanElection2025 #GermanPolitics #Germany #Judiciary #LawEnforcement #Media #mergers #Military #OlafScholz #Platforms #tariffs #trade #TransatlanticRelations #U.S.Election #U.S.Election2024 #U.S.Elections #U.S.Politics #UnitedStates,algorithms,0,0,3,2025-01-19
1262,149,113855386742261967,2025-01-19 14:02:06+00:00,en,112202858501840236,Leaked memo reveals alarming German warnings over Trump – POLITICO https://www.byteseu.com/666179/ #Algorithms #AndreasMichaelis #AnnalenaBaerbock #BigTech #Cars #Companies #Defense #DonaldTrump #Elections #ElectionsInEurope #ElonMusk #GermanElection2025 #GermanPolitics #Germany #Judiciary #LawEnforcement #Media #mergers #Military #OlafScholz #Platforms #tariffs #trade #TransatlanticRelations #U.S.Election #U.S.Election2024 #U.S.Elections #U.S.Politics #UnitedStates,andreasmichaelis,0,0,3,2025-01-19
1263,149,113855386742261967,2025-01-19 14:02:06+00:00,en,112202858501840236,Leaked memo reveals alarming German warnings over Trump – POLITICO https://www.byteseu.com/666179/ #Algorithms #AndreasMichaelis #AnnalenaBaerbock #BigTech #Cars #Companies #Defense #DonaldTrump #Elections #ElectionsInEurope #ElonMusk #GermanElection2025 #GermanPolitics #Germany #Judiciary #LawEnforcement #Media #mergers #Military #OlafScholz #Platforms #tariffs #trade #TransatlanticRelations #U.S.Election #U.S.Election2024 #U.S.Elections #U.S.Politics #UnitedStates,annalenabaerbock,0,0,3,2025-01-19
1264,149,113855386742261967,2025-01-19 14:02:06+00:00,en,112202858501840236,Leaked memo reveals alarming German warnings over Trump – POLITICO https://www.byteseu.com/666179/ #Algorithms #AndreasMichaelis #AnnalenaBaerbock #BigTech #Cars #Companies #Defense #DonaldTrump #Elections #ElectionsInEurope #ElonMusk #GermanElection2025 #GermanPolitics #Germany #Judiciary #LawEnforcement #Media #mergers #Military #OlafScholz #Platforms #tariffs #trade #TransatlanticRelations #U.S.Election #U.S.Election2024 #U.S.Elections #U.S.Politics #UnitedStates,bigtech,0,0,3,2025-01-19
1265,149,113855386742261967,2025-01-19 14:02:06+00:00,en,112202858501840236,Leaked memo reveals alarming German warnings over Trump – POLITICO https://www.byteseu.com/666179/ #Algorithms #AndreasMichaelis #AnnalenaBaerbock #BigTech #Cars #Companies #Defense #DonaldTrump #Elections #ElectionsInEurope #ElonMusk #GermanElection2025 #GermanPolitics #Germany #Judiciary #LawEnforcement #Media #mergers #Military #OlafScholz #Platforms #tariffs #trade #TransatlanticRelations #U.S.Election #U.S.Election2024 #U.S.Elections #U.S.Politics #UnitedStates,cars,0,0,3,2025-01-19
1266,149,113855386742261967,2025-01-19 14:02:06+00:00,en,112202858501840236,Leaked memo reveals alarming German warnings over Trump – POLITICO https://www.byteseu.com/666179/ #Algorithms #AndreasMichaelis #AnnalenaBaerbock #BigTech #Cars #Companies #Defense #DonaldTrump #Elections #ElectionsInEurope #ElonMusk #GermanElection2025 #GermanPolitics #Germany #Judiciary #LawEnforcement #Media #mergers #Military #OlafScholz #Platforms #tariffs #trade #TransatlanticRelations #U.S.Election #U.S.Election2024 #U.S.Elections #U.S.Politics #UnitedStates,companies,0,0,3,2025-01-19
1267,149,113855386742261967,2025-01-19 14:02:06+00:00,en,112202858501840236,Leaked memo reveals alarming German warnings over Trump – POLITICO https://www.byteseu.com/666179/ #Algorithms #AndreasMichaelis #AnnalenaBaerbock #BigTech #Cars #Companies #Defense #DonaldTrump #Elections #ElectionsInEurope #ElonMusk #GermanElection2025 #GermanPolitics #Germany #Judiciary #LawEnforcement #Media #mergers #Military #OlafScholz #Platforms #tariffs #trade #TransatlanticRelations #U.S.Election #U.S.Election2024 #U.S.Elections #U.S.Politics #UnitedStates,defense,0,0,3,2025-01-19
1268,149,113855386742261967,2025-01-19 14:02:06+00:00,en,112202858501840236,Leaked memo reveals alarming German warnings over Trump – POLITICO https://www.byteseu.com/666179/ #Algorithms #AndreasMichaelis #AnnalenaBaerbock #BigTech #Cars #Companies #Defense #DonaldTrump #Elections #ElectionsInEurope #ElonMusk #GermanElection2025 #GermanPolitics #Germany #Judiciary #LawEnforcement #Media #mergers #Military #OlafScholz #Platforms #tariffs #trade #TransatlanticRelations #U.S.Election #U.S.Election2024 #U.S.Elections #U.S.Politics #UnitedStates,donaldtrump,0,0,3,2025-01-19
1269,149,113855386742261967,2025-01-19 14:02:06+00:00,en,112202858501840236,Leaked memo reveals alarming German warnings over Trump – POLITICO https://www.byteseu.com/666179/ #Algorithms #AndreasMichaelis #AnnalenaBaerbock #BigTech #Cars #Companies #Defense #DonaldTrump #Elections #ElectionsInEurope #ElonMusk #GermanElection2025 #GermanPolitics #Germany #Judiciary #LawEnforcement #Media #mergers #Military #OlafScholz #Platforms #tariffs #trade #TransatlanticRelations #U.S.Election #U.S.Election2024 #U.S.Elections #U.S.Politics #UnitedStates,elections,0,0,3,2025-01-19
1270,149,113855386742261967,2025-01-19 14:02:06+00:00,en,112202858501840236,Leaked memo reveals alarming German warnings over Trump – POLITICO https://www.byteseu.com/666179/ #Algorithms #AndreasMichaelis #AnnalenaBaerbock #BigTech #Cars #Companies #Defense #DonaldTrump #Elections #ElectionsInEurope #ElonMusk #GermanElection2025 #GermanPolitics #Germany #Judiciary #LawEnforcement #Media #mergers #Military #OlafScholz #Platforms #tariffs #trade #TransatlanticRelations #U.S.Election #U.S.Election2024 #U.S.Elections #U.S.Politics #UnitedStates,electionsineurope,0,0,3,2025-01-19
1271,149,113855386742261967,2025-01-19 14:02:06+00:00,en,112202858501840236,Leaked memo reveals alarming German warnings over Trump – POLITICO https://www.byteseu.com/666179/ #Algorithms #AndreasMichaelis #AnnalenaBaerbock #BigTech #Cars #Companies #Defense #DonaldTrump #Elections #ElectionsInEurope #ElonMusk #GermanElection2025 #GermanPolitics #Germany #Judiciary #LawEnforcement #Media #mergers #Military #OlafScholz #Platforms #tariffs #trade #TransatlanticRelations #U.S.Election #U.S.Election2024 #U.S.Elections #U.S.Politics #UnitedStates,ElonMusk,0,0,3,2025-01-19
1272,149,113855386742261967,2025-01-19 14:02:06+00:00,en,112202858501840236,Leaked memo reveals alarming German warnings over Trump – POLITICO https://www.byteseu.com/666179/ #Algorithms #AndreasMichaelis #AnnalenaBaerbock #BigTech #Cars #Companies #Defense #DonaldTrump #Elections #ElectionsInEurope #ElonMusk #GermanElection2025 #GermanPolitics #Germany #Judiciary #LawEnforcement #Media #mergers #Military #OlafScholz #Platforms #tariffs #trade #TransatlanticRelations #U.S.Election #U.S.Election2024 #U.S.Elections #U.S.Politics #UnitedStates,germanelection2025,0,0,3,2025-01-19
1273,149,113855386742261967,2025-01-19 14:02:06+00:00,en,112202858501840236,Leaked memo reveals alarming German warnings over Trump – POLITICO https://www.byteseu.com/666179/ #Algorithms #AndreasMichaelis #AnnalenaBaerbock #BigTech #Cars #Companies #Defense #DonaldTrump #Elections #ElectionsInEurope #ElonMusk #GermanElection2025 #GermanPolitics #Germany #Judiciary #LawEnforcement #Media #mergers #Military #OlafScholz #Platforms #tariffs #trade #TransatlanticRelations #U.S.Election #U.S.Election2024 #U.S.Elections #U.S.Politics #UnitedStates,germanpolitics,0,0,3,2025-01-19
1274,149,113855386742261967,2025-01-19 14:02:06+00:00,en,112202858501840236,Leaked memo reveals alarming German warnings over Trump – POLITICO https://www.byteseu.com/666179/ #Algorithms #AndreasMichaelis #AnnalenaBaerbock #BigTech #Cars #Companies #Defense #DonaldTrump #Elections #ElectionsInEurope #ElonMusk #GermanElection2025 #GermanPolitics #Germany #Judiciary #LawEnforcement #Media #mergers #Military #OlafScholz #Platforms #tariffs #trade #TransatlanticRelations #U.S.Election #U.S.Election2024 #U.S.Elections #U.S.Politics #UnitedStates,germany,0,0,3,2025-01-19
1275,149,113855386742261967,2025-01-19 14:02:06+00:00,en,112202858501840236,Leaked memo reveals alarming German warnings over Trump – POLITICO https://www.byteseu.com/666179/ #Algorithms #AndreasMichaelis #AnnalenaBaerbock #BigTech #Cars #Companies #Defense #DonaldTrump #Elections #ElectionsInEurope #ElonMusk #GermanElection2025 #GermanPolitics #Germany #Judiciary #LawEnforcement #Media #mergers #Military #OlafScholz #Platforms #tariffs #trade #TransatlanticRelations #U.S.Election #U.S.Election2024 #U.S.Elections #U.S.Politics #UnitedStates,judiciary,0,0,3,2025-01-19
1276,149,113855386742261967,2025-01-19 14:02:06+00:00,en,112202858501840236,Leaked memo reveals alarming German warnings over Trump – POLITICO https://www.byteseu.com/666179/ #Algorithms #AndreasMichaelis #AnnalenaBaerbock #BigTech #Cars #Companies #Defense #DonaldTrump #Elections #ElectionsInEurope #ElonMusk #GermanElection2025 #GermanPolitics #Germany #Judiciary #LawEnforcement #Media #mergers #Military #OlafScholz #Platforms #tariffs #trade #TransatlanticRelations #U.S.Election #U.S.Election2024 #U.S.Elections #U.S.Politics #UnitedStates,lawenforcement,0,0,3,2025-01-19
1277,149,113855386742261967,2025-01-19 14:02:06+00:00,en,112202858501840236,Leaked memo reveals alarming German warnings over Trump – POLITICO https://www.byteseu.com/666179/ #Algorithms #AndreasMichaelis #AnnalenaBaerbock #BigTech #Cars #Companies #Defense #DonaldTrump #Elections #ElectionsInEurope #ElonMusk #GermanElection2025 #GermanPolitics #Germany #Judiciary #LawEnforcement #Media #mergers #Military #OlafScholz #Platforms #tariffs #trade #TransatlanticRelations #U.S.Election #U.S.Election2024 #U.S.Elections #U.S.Politics #UnitedStates,media,0,0,3,2025-01-19
1278,149,113855386742261967,2025-01-19 14:02:06+00:00,en,112202858501840236,Leaked memo reveals alarming German warnings over Trump – POLITICO https://www.byteseu.com/666179/ #Algorithms #AndreasMichaelis #AnnalenaBaerbock #BigTech #Cars #Companies #Defense #DonaldTrump #Elections #ElectionsInEurope #ElonMusk #GermanElection2025 #GermanPolitics #Germany #Judiciary #LawEnforcement #Media #mergers #Military #OlafScholz #Platforms #tariffs #trade #TransatlanticRelations #U.S.Election #U.S.Election2024 #U.S.Elections #U.S.Politics #UnitedStates,mergers,0,0,3,2025-01-19
1279,149,113855386742261967,2025-01-19 14:02:06+00:00,en,112202858501840236,Leaked memo reveals alarming German warnings over Trump – POLITICO https://www.byteseu.com/666179/ #Algorithms #AndreasMichaelis #AnnalenaBaerbock #BigTech #Cars #Companies #Defense #DonaldTrump #Elections #ElectionsInEurope #ElonMusk #GermanElection2025 #GermanPolitics #Germany #Judiciary #LawEnforcement #Media #mergers #Military #OlafScholz #Platforms #tariffs #trade #TransatlanticRelations #U.S.Election #U.S.Election2024 #U.S.Elections #U.S.Politics #UnitedStates,military,0,0,3,2025-01-19
1280,149,113855386742261967,2025-01-19 14:02:06+00:00,en,112202858501840236,Leaked memo reveals alarming German warnings over Trump – POLITICO https://www.byteseu.com/666179/ #Algorithms #AndreasMichaelis #AnnalenaBaerbock #BigTech #Cars #Companies #Defense #DonaldTrump #Elections #ElectionsInEurope #ElonMusk #GermanElection2025 #GermanPolitics #Germany #Judiciary #LawEnforcement #Media #mergers #Military #OlafScholz #Platforms #tariffs #trade #TransatlanticRelations #U.S.Election #U.S.Election2024 #U.S.Elections #U.S.Politics #UnitedStates,olafscholz,0,0,3,2025-01-19
1281,149,113855386742261967,2025-01-19 14:02:06+00:00,en,112202858501840236,Leaked memo reveals alarming German warnings over Trump – POLITICO https://www.byteseu.com/666179/ #Algorithms #AndreasMichaelis #AnnalenaBaerbock #BigTech #Cars #Companies #Defense #DonaldTrump #Elections #ElectionsInEurope #ElonMusk #GermanElection2025 #GermanPolitics #Germany #Judiciary #LawEnforcement #Media #mergers #Military #OlafScholz #Platforms #tariffs #trade #TransatlanticRelations #U.S.Election #U.S.Election2024 #U.S.Elections #U.S.Politics #UnitedStates,platforms,0,0,3,2025-01-19
1282,149,113855386742261967,2025-01-19 14:02:06+00:00,en,112202858501840236,Leaked memo reveals alarming German warnings over Trump – POLITICO https://www.byteseu.com/666179/ #Algorithms #AndreasMichaelis #AnnalenaBaerbock #BigTech #Cars #Companies #Defense #DonaldTrump #Elections #ElectionsInEurope #ElonMusk #GermanElection2025 #GermanPolitics #Germany #Judiciary #LawEnforcement #Media #mergers #Military #OlafScholz #Platforms #tariffs #trade #TransatlanticRelations #U.S.Election #U.S.Election2024 #U.S.Elections #U.S.Politics #UnitedStates,tariffs,0,0,3,2025-01-19
1283,149,113855386742261967,2025-01-19 14:02:06+00:00,en,112202858501840236,Leaked memo reveals alarming German warnings over Trump – POLITICO https://www.byteseu.com/666179/ #Algorithms #AndreasMichaelis #AnnalenaBaerbock #BigTech #Cars #Companies #Defense #DonaldTrump #Elections #ElectionsInEurope #ElonMusk #GermanElection2025 #GermanPolitics #Germany #Judiciary #LawEnforcement #Media #mergers #Military #OlafScholz #Platforms #tariffs #trade #TransatlanticRelations #U.S.Election #U.S.Election2024 #U.S.Elections #U.S.Politics #UnitedStates,trade,0,0,3,2025-01-19
1284,149,113855386742261967,2025-01-19 14:02:06+00:00,en,112202858501840236,Leaked memo reveals alarming German warnings over Trump – POLITICO https://www.byteseu.com/666179/ #Algorithms #AndreasMichaelis #AnnalenaBaerbock #BigTech #Cars #Companies #Defense #DonaldTrump #Elections #ElectionsInEurope #ElonMusk #GermanElection2025 #GermanPolitics #Germany #Judiciary #LawEnforcement #Media #mergers #Military #OlafScholz #Platforms #tariffs #trade #TransatlanticRelations #U.S.Election #U.S.Election2024 #U.S.Elections #U.S.Politics #UnitedStates,transatlanticrelations,0,0,3,2025-01-19
1285,149,113855386742261967,2025-01-19 14:02:06+00:00,en,112202858501840236,Leaked memo reveals alarming German warnings over Trump – POLITICO https://www.byteseu.com/666179/ #Algorithms #AndreasMichaelis #AnnalenaBaerbock #BigTech #Cars #Companies #Defense #DonaldTrump #Elections #ElectionsInEurope #ElonMusk #GermanElection2025 #GermanPolitics #Germany #Judiciary #LawEnforcement #Media #mergers #Military #OlafScholz #Platforms #tariffs #trade #TransatlanticRelations #U.S.Election #U.S.Election2024 #U.S.Elections #U.S.Politics #UnitedStates,U,0,0,3,2025-01-19
1286,149,113855386742261967,2025-01-19 14:02:06+00:00,en,112202858501840236,Leaked memo reveals alarming German warnings over Trump – POLITICO https://www.byteseu.com/666179/ #Algorithms #AndreasMichaelis #AnnalenaBaerbock #BigTech #Cars #Companies #Defense #DonaldTrump #Elections #ElectionsInEurope #ElonMusk #GermanElection2025 #GermanPolitics #Germany #Judiciary #LawEnforcement #Media #mergers #Military #OlafScholz #Platforms #tariffs #trade #TransatlanticRelations #U.S.Election #U.S.Election2024 #U.S.Elections #U.S.Politics #UnitedStates,unitedstates,0,0,3,2025-01-19
1305,151,113851918794937160,2025-01-18 23:20:05+00:00,en,112202858501840236,"Germany is main EU target of Trump tariffs, warns economy minister – POLITICO https://www.byteseu.com/664410/ #Cars #DonaldTrump #Elections #Europe #FriedrichMerz #GermanElection2025 #Germany #RobertHabeck #tariffs #trade #TransatlanticRelations #UnitedStates",cars,0,0,0,2025-01-18
1306,151,113851918794937160,2025-01-18 23:20:05+00:00,en,112202858501840236,"Germany is main EU target of Trump tariffs, warns economy minister – POLITICO https://www.byteseu.com/664410/ #Cars #DonaldTrump #Elections #Europe #FriedrichMerz #GermanElection2025 #Germany #RobertHabeck #tariffs #trade #TransatlanticRelations #UnitedStates",donaldtrump,0,0,0,2025-01-18
1307,151,113851918794937160,2025-01-18 23:20:05+00:00,en,112202858501840236,"Germany is main EU target of Trump tariffs, warns economy minister – POLITICO https://www.byteseu.com/664410/ #Cars #DonaldTrump #Elections #Europe #FriedrichMerz #GermanElection2025 #Germany #RobertHabeck #tariffs #trade #TransatlanticRelations #UnitedStates",elections,0,0,0,2025-01-18
1308,151,113851918794937160,2025-01-18 23:20:05+00:00,en,112202858501840236,"Germany is main EU target of Trump tariffs, warns economy minister – POLITICO https://www.byteseu.com/664410/ #Cars #DonaldTrump #Elections #Europe #FriedrichMerz #GermanElection2025 #Germany #RobertHabeck #tariffs #trade #TransatlanticRelations #UnitedStates",europe,0,0,0,2025-01-18
1309,151,113851918794937160,2025-01-18 23:20:05+00:00,en,112202858501840236,"Germany is main EU target of Trump tariffs, warns economy minister – POLITICO https://www.byteseu.com/664410/ #Cars #DonaldTrump #Elections #Europe #FriedrichMerz #GermanElection2025 #Germany #RobertHabeck #tariffs #trade #TransatlanticRelations #UnitedStates",friedrichmerz,0,0,0,2025-01-18
1310,151,113851918794937160,2025-01-18 23:20:05+00:00,en,112202858501840236,"Germany is main EU target of Trump tariffs, warns economy minister – POLITICO https://www.byteseu.com/664410/ #Cars #DonaldTrump #Elections #Europe #FriedrichMerz #GermanElection2025 #Germany #RobertHabeck #tariffs #trade #TransatlanticRelations #UnitedStates",germanelection2025,0,0,0,2025-01-18
1311,151,113851918794937160,2025-01-18 23:20:05+00:00,en,112202858501840236,"Germany is main EU target of Trump tariffs, warns economy minister – POLITICO https://www.byteseu.com/664410/ #Cars #DonaldTrump #Elections #Europe #FriedrichMerz #GermanElection2025 #Germany #RobertHabeck #tariffs #trade #TransatlanticRelations #UnitedStates",germany,0,0,0,2025-01-18
1312,151,113851918794937160,2025-01-18 23:20:05+00:00,en,112202858501840236,"Germany is main EU target of Trump tariffs, warns economy minister – POLITICO https://www.byteseu.com/664410/ #Cars #DonaldTrump #Elections #Europe #FriedrichMerz #GermanElection2025 #Germany #RobertHabeck #tariffs #trade #TransatlanticRelations #UnitedStates",RobertHabeck,0,0,0,2025-01-18
1313,151,113851918794937160,2025-01-18 23:20:05+00:00,en,112202858501840236,"Germany is main EU target of Trump tariffs, warns economy minister – POLITICO https://www.byteseu.com/664410/ #Cars #DonaldTrump #Elections #Europe #FriedrichMerz #GermanElection2025 #Germany #RobertHabeck #tariffs #trade #TransatlanticRelations #UnitedStates",tariffs,0,0,0,2025-01-18
1314,151,113851918794937160,2025-01-18 23:20:05+00:00,en,112202858501840236,"Germany is main EU target of Trump tariffs, warns economy minister – POLITICO https://www.byteseu.com/664410/ #Cars #DonaldTrump #Elections #Europe #FriedrichMerz #GermanElection2025 #Germany #RobertHabeck #tariffs #trade #TransatlanticRelations #UnitedStates",trade,0,0,0,2025-01-18
1315,151,113851918794937160,2025-01-18 23:20:05+00:00,en,112202858501840236,"Germany is main EU target of Trump tariffs, warns economy minister – POLITICO https://www.byteseu.com/664410/ #Cars #DonaldTrump #Elections #Europe #FriedrichMerz #GermanElection2025 #Germany #RobertHabeck #tariffs #trade #TransatlanticRelations #UnitedStates",transatlanticrelations,0,0,0,2025-01-18
1316,151,113851918794937160,2025-01-18 23:20:05+00:00,en,112202858501840236,"Germany is main EU target of Trump tariffs, warns economy minister – POLITICO https://www.byteseu.com/664410/ #Cars #DonaldTrump #Elections #Europe #FriedrichMerz #GermanElection2025 #Germany #RobertHabeck #tariffs #trade #TransatlanticRelations #UnitedStates",unitedstates,0,0,0,2025-01-18
